c1773a51-448e-48e6-82dd-2cd6d8834173,c97ccc7f-804a-4930-8401-b644e8c17b36,9750f01c-3157-4359-879e-880f20090e8f
c1773a51-448e-48e6-82dd-2cd6d8834173,30d212be-d0a1-47a9-907d-9349c216877b,ba41d219-b1f0-4b76-8e85-439dcad4ec7a
c1773a51-448e-48e6-82dd-2cd6d8834173,ea45a4bb-98ee-40be-a817-2407362d7b99,55581093-2345-4627-9c1b-0412c03cb40a
c1773a51-448e-48e6-82dd-2cd6d8834173,e24fcb86-d878-4a12-89c6-88ee00958cb1,4b8357d5-dfbf-4be2-9608-0d17d5b8b96c
c1773a51-448e-48e6-82dd-2cd6d8834173,bff0026a-5a66-4f18-b877-a74f32fe6690,cce135a7-81aa-4e9b-92be-12d175430ea3
c1773a51-448e-48e6-82dd-2cd6d8834173,302dbb32-c7d1-4fed-88ac-1f163a49225d,feac95b8-ac48-46c0-a34a-7c8a5307d665
c1773a51-448e-48e6-82dd-2cd6d8834173,09c49770-73ab-476a-a67b-4044b4b20325,bc2a4011-cbe5-4325-9004-5ea50b63b84a
c1773a51-448e-48e6-82dd-2cd6d8834173,5745444b-3e0f-4231-8c31-e9bd7e37efb9,a056293d-1d5f-40b3-9113-61f36ffac20c
c1773a51-448e-48e6-82dd-2cd6d8834173,929c3ccb-d313-492d-9877-238f9296c8d2,6a32ce94-e245-48bc-a428-25cb3d7624ba
c1773a51-448e-48e6-82dd-2cd6d8834173,f019fd00-7ec5-4cac-af08-197b76e54b81,6fda1873-01e6-490c-af8a-89ff23abfc21
c1773a51-448e-48e6-82dd-2cd6d8834173,6cc6ed32-626d-4c4a-85d7-2d85cbcdbb5f,4ae8c584-e2bd-4c28-bf47-c183d3bbed88
c1773a51-448e-48e6-82dd-2cd6d8834173,f6b1310e-45a9-426d-9db1-4d763de1b102,39232cfb-a41b-469b-8aab-d7ee3c501364
c1773a51-448e-48e6-82dd-2cd6d8834173,477477f1-50ca-42ef-954e-e91a688ddcd1,52c2b23b-fd87-486e-bec6-e7c77c7f0d88
c1773a51-448e-48e6-82dd-2cd6d8834173,0486f36b-f59b-4b01-8e35-ff30ef93c85a,42f7536f-ff72-4082-9ec2-a6113917cc33
c1773a51-448e-48e6-82dd-2cd6d8834173,7b89bef9-6917-4179-91eb-fb64a94b477c,347d907d-4876-4d44-8db8-7fc05713cb7c
c1773a51-448e-48e6-82dd-2cd6d8834173,075a99d2-7ea0-4ab6-9961-0b758ae30dc7,35239e18-0837-4d5d-860a-730385196546
c1773a51-448e-48e6-82dd-2cd6d8834173,c0e5e4b3-d22d-4806-8b8e-023b1d85fd2f,34caec7c-f8d3-4760-9c42-fd827b40deb2
c1773a51-448e-48e6-82dd-2cd6d8834173,02e9ae4b-83ac-4a63-939b-f9202dc8465e,b2a146a6-9632-473e-96da-fbb8ab267431
c1773a51-448e-48e6-82dd-2cd6d8834173,25870c8c-f53c-4ccc-a5d1-796d5253f0e8,397234c9-7525-4b1e-bffc-c5491a3985fb
c1773a51-448e-48e6-82dd-2cd6d8834173,287b3dc4-a3a9-4e7a-8871-8c1912de89b7,5ab737f1-d75f-44b5-aded-101e7151fedd
c1773a51-448e-48e6-82dd-2cd6d8834173,3806edc4-f659-4205-a181-2f5ef5d0027e,239fa641-90a3-4ed5-81b7-c49b65f3247d
c1773a51-448e-48e6-82dd-2cd6d8834173,5ec184bf-6479-4e10-9b1d-0f380d0a02ea,f2d21bd6-c97c-42cf-b720-4b142719c0d5
c1773a51-448e-48e6-82dd-2cd6d8834173,59ab96ed-3119-4f8c-8cec-1696389e1555,acba8a1a-0238-4af7-a952-7dffe37636c0
c1773a51-448e-48e6-82dd-2cd6d8834173,d4a9b3bb-a919-4255-8370-0897ee14bd84,3ca2b99e-6e2e-485e-bf17-a6df45cb867d
c1773a51-448e-48e6-82dd-2cd6d8834173,923edf26-5ff8-4a73-b14c-0236b7bfa1ba,5295e9c8-c837-43c6-86eb-2f0c90f99330
c1773a51-448e-48e6-82dd-2cd6d8834173,f90255e5-7a6f-46ad-a040-c27611691d41,15005b56-52ee-4641-bc00-b18ba89a7b49
c1773a51-448e-48e6-82dd-2cd6d8834173,b2e5e208-ce00-4fd6-a5ee-0272d950eff9,5da259eb-0ad0-4463-afe7-de9a412f304d
c1773a51-448e-48e6-82dd-2cd6d8834173,e8bfd244-1dab-4664-b921-7c135ff4c7c7,f23409e8-f460-4928-a1df-d1857994e1d2
c1773a51-448e-48e6-82dd-2cd6d8834173,eecc0b0b-b68d-4c1d-b267-bce0df0a2906,5cc5b405-7153-4f09-98c8-c7b6ee1edaa0
c1773a51-448e-48e6-82dd-2cd6d8834173,254e0f83-d8d9-4b97-bc25-3df69e821f46,9fa6f4c9-eff9-4622-ad47-79633262c2c2
c1773a51-448e-48e6-82dd-2cd6d8834173,2d14c9c3-80f9-421d-8fa4-7dc9f167c24a,eca7185c-92ec-4b05-83b7-c8f3956ebf83
c1773a51-448e-48e6-82dd-2cd6d8834173,65ed3094-d6b3-4e5a-8e3c-36ace4f71301,b49c9f8f-1100-4554-af22-b15e66e1b549
c1773a51-448e-48e6-82dd-2cd6d8834173,a6bf291c-0366-4e9c-b543-146a4f1ab852,1d2b67d1-6e78-4c5e-86e5-21ad9409d2f0
c1773a51-448e-48e6-82dd-2cd6d8834173,db6fb117-ce4a-41b6-988a-e9ed746ccebc,d4aef5e5-05ef-49f1-886f-574908b1b15b
c1773a51-448e-48e6-82dd-2cd6d8834173,412bd90d-26ac-4606-9f48-ea1655d8f44d,dac8a704-33fb-4249-af43-0af84db9770c
c1773a51-448e-48e6-82dd-2cd6d8834173,d522977c-5baa-4f6c-a699-c9fedef89127,9a6bbcbf-1fd7-406e-a006-52e832d47639
c1773a51-448e-48e6-82dd-2cd6d8834173,1e90d003-42a7-4a1c-8bb0-e06c56b8ca70,fe54bb31-55d3-4fd7-9d4b-3d9bbe76a7e0
c1773a51-448e-48e6-82dd-2cd6d8834173,1b24ee90-aca2-4ae8-8256-5ea4205043a0,c7493fa1-0c1a-48ae-baf7-d912e6c110ad
c1773a51-448e-48e6-82dd-2cd6d8834173,5763d751-2452-47ab-93dd-96eb90fde919,31e3e771-370d-4861-abbb-49b037754f5a
c1773a51-448e-48e6-82dd-2cd6d8834173,5d718680-f7dd-4837-8e81-12b303304b52,4f7e3392-5824-40c4-8edd-a996261508f8
c1773a51-448e-48e6-82dd-2cd6d8834173,5bbe5d1e-737c-42f8-b83c-828f3a01dfb6,aad5ae0f-81cf-4d55-8dab-42f19ee918ef
c1773a51-448e-48e6-82dd-2cd6d8834173,cb1ef94d-e0aa-4f31-83bc-25ea2f649890,10380ed6-3fcd-44dd-b486-c96a686309f3
c1773a51-448e-48e6-82dd-2cd6d8834173,b6df4670-67a9-41bf-a9f9-744ee32da2ff,8dddcdd6-2b44-4f0d-a250-482a3377484e
c1773a51-448e-48e6-82dd-2cd6d8834173,21bd354b-cf53-491a-aafa-3b1ada4a3ac5,9c45e6f8-fe05-438a-ae10-0a00bb804d6c
c1773a51-448e-48e6-82dd-2cd6d8834173,eb0c48cd-a636-4ff1-8705-758babf5afe2,10b4deef-22d1-400e-9a7c-ddc1bf78b3ac
c1773a51-448e-48e6-82dd-2cd6d8834173,ccbc95ee-e6af-40b6-9d81-8cfe06dec34a,744bed93-61ce-4698-9767-c55569de0fff
c1773a51-448e-48e6-82dd-2cd6d8834173,1ac2672e-c615-4702-a33d-27ba35509110,9b556637-f11d-4626-8d22-3d72f894484c
c1773a51-448e-48e6-82dd-2cd6d8834173,c59d1a52-c1eb-4b57-9989-8b0ef0535c0d,465eb490-33f3-490c-8b45-3c5e355ecda1
c1773a51-448e-48e6-82dd-2cd6d8834173,db3e01b1-f661-4aa8-802a-d9da3bfd3262,8e56702a-49d0-42cc-af56-64df05564307
c1773a51-448e-48e6-82dd-2cd6d8834173,61c0c631-f8ef-4c93-8d87-9897bf31c76e,0f2e449f-f3b0-4483-a9d7-5dd9fa81acff
c1773a51-448e-48e6-82dd-2cd6d8834173,9a162dfc-de04-40f5-82a8-a85c29cbd3d2,2af53155-225b-4e1d-9b76-e7ea64f89c2f
c1773a51-448e-48e6-82dd-2cd6d8834173,22426d95-faf9-4c51-ba32-8f34ec95fc2b,6b400316-2f1f-49d6-96ef-7c7b9125d18f
c1773a51-448e-48e6-82dd-2cd6d8834173,a6738544-3179-4b30-aa4a-92ee831be982,c14df44a-9240-432d-b437-5c0ac7467100
c1773a51-448e-48e6-82dd-2cd6d8834173,d8a62afb-5895-4356-8f6a-02c60fad0e19,b5a98f38-38c2-4de6-bf31-fcd0f891d56e
c1773a51-448e-48e6-82dd-2cd6d8834173,1b294b47-9211-47d6-8c4c-04456bb6a8a4,4849124f-0d82-4c35-b10a-b791e4d60199
c1773a51-448e-48e6-82dd-2cd6d8834173,9da2414b-20f6-4dbd-a6f6-8b874e9c388e,8c606a71-18cb-46fd-85fa-48151c989d63
c1773a51-448e-48e6-82dd-2cd6d8834173,b5fed9cb-a76e-4aa2-b105-160ee4779781,28e3cd12-c7a7-499f-b841-f556ce34bdca
c1773a51-448e-48e6-82dd-2cd6d8834173,fac2dc6a-464b-48ae-8542-f0e15c7c7e40,83cbfed0-01d6-4dec-aeb4-529a32a2c3d0
c1773a51-448e-48e6-82dd-2cd6d8834173,55f16bb1-0a83-47e1-954d-6efa7c38047d,8aa5d59b-e360-4a6d-b15c-75292013064d
c1773a51-448e-48e6-82dd-2cd6d8834173,b5edb72f-8d5c-4c86-9adc-c59c0ab79092,22d1a490-146f-4fc3-91ed-4a2b35c8cc73
c1773a51-448e-48e6-82dd-2cd6d8834173,ad6cc1c5-cb6c-4b28-8d4e-dc372ce8a55a,4c2d45fe-d226-4dc7-92ca-9f6f8c9b0c85
c1773a51-448e-48e6-82dd-2cd6d8834173,74cb98c2-8fd3-4e81-a933-7f0b7fa23329,b52b47e3-6c9d-4d69-8305-bff603d05230
c1773a51-448e-48e6-82dd-2cd6d8834173,04e8d575-1512-44ca-af17-05f37800b65c,654d251a-608b-4c6b-b592-b70b60372d39
c1773a51-448e-48e6-82dd-2cd6d8834173,2659f9f0-c5e9-45a2-9db5-be9011b31dd0,48eb87b2-a9f0-4552-a9e1-623d49d9c68a
c1773a51-448e-48e6-82dd-2cd6d8834173,0399cfa5-1586-47ba-ba72-90c51e04d657,6fb6cc3c-66b6-4905-b0b5-9eeb8bdab8c8
c1773a51-448e-48e6-82dd-2cd6d8834173,fa02aec8-9fd8-4830-bffa-727989fb6bbc,7c408582-fab3-4b90-8ae0-51b0fc86d48f
c1773a51-448e-48e6-82dd-2cd6d8834173,f7f98904-3c44-47c3-a859-ec313303e762,9cea182b-fedb-4b23-ac6c-9ff57292b46d
c1773a51-448e-48e6-82dd-2cd6d8834173,e97bfad6-a858-4de1-b8c6-833403449d99,c7872988-d1cb-4ebe-bd09-d54da67c063a
c1773a51-448e-48e6-82dd-2cd6d8834173,66b92b58-c422-4101-96b3-c486119411ea,490fac4b-ebec-45d0-a904-69ac4a9a7c79
c1773a51-448e-48e6-82dd-2cd6d8834173,b18b1812-4b1e-4d2e-8573-438428eae779,81a19061-bbd2-4f4e-b252-307b823cab01
c1773a51-448e-48e6-82dd-2cd6d8834173,99ec63cc-911c-4497-80b6-b935379acb10,2305b4f9-8314-4fee-8f6f-ec31626768cd
c1773a51-448e-48e6-82dd-2cd6d8834173,a8653fae-819a-49f3-b134-1bb3293e5de0,95d2afe8-2107-4532-a775-36fea37bbe1a
c1773a51-448e-48e6-82dd-2cd6d8834173,6bf9af58-5416-4c54-8a57-ddc8f1b91462,b47a379a-957d-4962-8a99-88a16195fb97
c1773a51-448e-48e6-82dd-2cd6d8834173,cbfe6b27-5db2-45b3-9fba-b3dad23e7550,f15797c8-a113-4ce6-a38c-be9f9e716e9a
c1773a51-448e-48e6-82dd-2cd6d8834173,2c90416e-3a63-4aa3-988d-514b247e5126,975c1068-c55d-440b-83b5-fd3d1d35d21e
c1773a51-448e-48e6-82dd-2cd6d8834173,0bd7fd18-3b36-479c-8dd2-f10f17842c0c,b9e1d619-e9ab-4bce-a87e-84d26df2ceb8
c1773a51-448e-48e6-82dd-2cd6d8834173,ac8b2b55-6f21-4d2b-b649-4588b8f177fb,83a3c109-2556-4770-99df-33620c036c10
c1773a51-448e-48e6-82dd-2cd6d8834173,ceec97de-3235-41ee-b611-d7c8cd2e9bcd,37bbaf98-73ce-430e-a016-80b77d1ee30f
c1773a51-448e-48e6-82dd-2cd6d8834173,5bc1c547-da4a-4619-8683-ba7992a87bca,d0c11e5d-f390-46a4-8051-75a9c08de43e
c1773a51-448e-48e6-82dd-2cd6d8834173,89d443ee-9f83-41fb-8ca2-cc976d04a592,4f5282cb-4ab9-4958-98ae-98fd17b90ee5
c1773a51-448e-48e6-82dd-2cd6d8834173,2b90f8f5-b2d0-4185-a43c-290df4ffaefd,fc1f272e-b3d1-416d-b269-99c28e04fa49
c1773a51-448e-48e6-82dd-2cd6d8834173,1aff24e3-74f1-4421-93ef-1da1f84ed196,4856e5d0-9ad5-41ba-a518-f35a02d35ecd
c1773a51-448e-48e6-82dd-2cd6d8834173,9f17fdba-e455-46a2-84ba-6b5a47f876bd,bb209df2-2d71-49f7-a120-86993797f5d8
c1773a51-448e-48e6-82dd-2cd6d8834173,b6d21255-7600-4d5b-a493-a82fdd5c17ac,36d81a5a-6f0b-42dc-ba09-5d04e2465d91
c1773a51-448e-48e6-82dd-2cd6d8834173,253c9d6c-a936-45aa-86dc-bd0a5471d01f,d71bca21-79bb-41bd-82fe-f2b11166cab9
c1773a51-448e-48e6-82dd-2cd6d8834173,1c11218d-dbc9-4cbc-924a-c4ecd50a84f4,69865b7e-9c4d-4383-85ca-5d5cfd8dedda
c1773a51-448e-48e6-82dd-2cd6d8834173,ff715873-a97a-4e16-bf8c-5cdfaa2e930a,795ba37b-e194-49e2-8615-89eb836c51ff
c1773a51-448e-48e6-82dd-2cd6d8834173,1295a138-5e42-4b4d-9ec5-2981a827e365,b3fe862d-7e68-42a3-a613-0f3fe9ba482f
c1773a51-448e-48e6-82dd-2cd6d8834173,e843ae4a-17dc-4ed1-a93b-b6c15c92c66f,6d254b21-fdd1-4b5f-bae8-dda62c6e905e
c1773a51-448e-48e6-82dd-2cd6d8834173,adf2b1d7-6f46-4d2e-8f75-6d675a46d80f,0b0c5dad-ec4a-42ba-9469-4564ba06844d
c1773a51-448e-48e6-82dd-2cd6d8834173,ad43a95e-ca3e-4241-87e2-59b6e8c7acb5,186d55b7-4a5a-4241-8be1-e586f4d139df
c1773a51-448e-48e6-82dd-2cd6d8834173,92b2c816-f474-48a8-8bc3-afa5b2057e49,27bb7cc2-65b3-4544-af85-e28edcfc5720
c1773a51-448e-48e6-82dd-2cd6d8834173,16a7bdb9-332a-411c-9b20-93a8a21ba7bf,277931e4-ac83-4685-a744-b1bb15e78efd
c1773a51-448e-48e6-82dd-2cd6d8834173,e67abb1c-2464-4ba1-8c62-3ba730aa49b5,c8a5d96d-8d6a-4630-8cd7-2f201fc1d658
c1773a51-448e-48e6-82dd-2cd6d8834173,e69fdceb-8142-44b9-8d07-63d8ede1ac88,511a9a4c-0d6b-48e2-b173-b5b4f0b7949a
c1773a51-448e-48e6-82dd-2cd6d8834173,548ce77f-6b24-4e22-a2b7-7ee686380972,af3fe2f1-f02f-46ac-832e-cf64b0cccafe
c1773a51-448e-48e6-82dd-2cd6d8834173,d9af3db0-5720-4323-a6d4-357d021058f2,e816d4fa-0710-4b02-8a18-3ab2f3c4ca6c
c1773a51-448e-48e6-82dd-2cd6d8834173,1536e5d4-e9b6-4fd7-b859-35e400356e39,44bea45a-a777-42b5-b1aa-acec655f24a6
c1773a51-448e-48e6-82dd-2cd6d8834173,a4a30e95-946c-452d-abc0-6c30a92c91cf,d59e8780-a8b4-4d28-91bc-e95fc2e99b39
c1773a51-448e-48e6-82dd-2cd6d8834173,b2f64206-4fda-4230-9395-2baf9ca89436,4ad42d2e-11fb-49fe-96c2-6b64aa9d4d83
c1773a51-448e-48e6-82dd-2cd6d8834173,d2b0d881-3af4-4afb-8e00-c8b615023219,6f0a0ac2-e974-4153-8b56-b04bd1129463
c1773a51-448e-48e6-82dd-2cd6d8834173,50ff84d1-dc3f-4fd5-96a2-1670c88c0fbe,65e957a0-5080-4a11-9474-5cac8825effb
c1773a51-448e-48e6-82dd-2cd6d8834173,43cdccc3-289c-414e-830d-7dacf29850d5,dd20f0f2-8616-413e-99f1-19c6acaa42b5
c1773a51-448e-48e6-82dd-2cd6d8834173,ab49f4ce-681f-425c-89b9-559db3b42d3a,275f6dd5-a889-4bac-95f4-00dc6aa5f18a
c1773a51-448e-48e6-82dd-2cd6d8834173,99b428c8-13e4-414a-a424-ac2303924588,32e16200-04be-42c9-b6d8-0aec51b2bc82
c1773a51-448e-48e6-82dd-2cd6d8834173,40c87a56-0f8f-4731-aef4-e5465d852091,3460968d-b7b5-4765-a86b-5100e5e2ba63
c1773a51-448e-48e6-82dd-2cd6d8834173,b900927b-2caa-43e6-a059-d4913a734628,c5d7775d-382e-4cec-ad05-f0e46da90616
c1773a51-448e-48e6-82dd-2cd6d8834173,31365469-8ef8-4636-abec-dd00dcd4e967,354cbe5f-48ae-43bb-94b1-21fd20235002
c1773a51-448e-48e6-82dd-2cd6d8834173,e1319afe-1023-47ba-8d4f-e6b65364506a,73004b54-04b5-416b-9cae-645343121466
c1773a51-448e-48e6-82dd-2cd6d8834173,4f1e5a87-c4c1-4a2a-82ba-e6402a6dd05a,29774aa3-fb5b-41ed-802c-8a306c522029
c1773a51-448e-48e6-82dd-2cd6d8834173,36acc723-231b-4596-bd90-6f826df0f0ac,3d7bdf95-f370-4780-b5fb-5dee864f5646
c1773a51-448e-48e6-82dd-2cd6d8834173,30efadf9-f92b-4d50-b953-42b741f05133,9fe8cbb1-a4fb-4af2-8325-3cafb7b87941
c1773a51-448e-48e6-82dd-2cd6d8834173,e104ab6b-c628-42bf-9a3f-d02c4e72e74e,f2370445-2fda-4b44-88e6-ed1d2881c5c7
c1773a51-448e-48e6-82dd-2cd6d8834173,45e69fc3-26cd-43e5-99a3-885480f3d5f3,e36d2a51-927d-4ffa-816c-186b71f528c0
c1773a51-448e-48e6-82dd-2cd6d8834173,ea862d57-1524-4de4-ac11-9c84dfe86a53,50a48220-1f29-4eed-a661-2f367831257c
c1773a51-448e-48e6-82dd-2cd6d8834173,7fcb9d8c-0e37-4763-bc66-adf43baa4b36,d26b1c11-7168-42d2-b11c-31f0f521ceb6
c1773a51-448e-48e6-82dd-2cd6d8834173,8b42fdb7-9609-419f-a729-b3b2917cf20a,7afdb9cc-f982-4e39-8946-a2da821e971d
c1773a51-448e-48e6-82dd-2cd6d8834173,287cf383-c565-4607-a429-c45292e43404,6898e6d7-1779-424b-a70a-021041f748bc
c1773a51-448e-48e6-82dd-2cd6d8834173,3d620a46-f910-4b9f-8ac2-3b226cd8b2e0,6aa9db53-f480-4baf-92a6-3fe1b8e2a17b
c1773a51-448e-48e6-82dd-2cd6d8834173,12fcc124-e28a-44f3-995e-9a8b432c05aa,ef5de662-97e8-43fc-8f2f-d5fbcd2b6612
c1773a51-448e-48e6-82dd-2cd6d8834173,9ee3a565-e82f-4175-b9d3-3f42f48ce66b,e55314de-8a3a-424f-920a-8f09ad125f7d
c1773a51-448e-48e6-82dd-2cd6d8834173,18bedc15-4395-491e-b2a0-1826fb55b098,3c5f43c9-ba2b-4101-bcd0-8c4e200509fe
c1773a51-448e-48e6-82dd-2cd6d8834173,c1ba0f1c-a698-4a42-8b11-7e5de2af3aac,b1b49eeb-8d0f-430e-8a52-1cfc8d8a0ae4
c1773a51-448e-48e6-82dd-2cd6d8834173,09be6bed-d475-4ada-9784-7561acaaa9df,fbbffd89-b7ae-446f-bf53-da2c7b41c767
c1773a51-448e-48e6-82dd-2cd6d8834173,d08f1d53-9150-4334-86ec-b63ad30b6ed7,2a504aaa-8dac-4168-a001-53f67975a9f1
c1773a51-448e-48e6-82dd-2cd6d8834173,1cb8201c-46cf-4517-bcf0-44c213cd9eae,c6f4eac3-98b7-4dd1-b8e0-cbb58ff7c736
c1773a51-448e-48e6-82dd-2cd6d8834173,a02bd179-5b44-4be4-9ac9-9e6765801867,0847c244-cdca-4c13-aba2-1b9a668173f6
c1773a51-448e-48e6-82dd-2cd6d8834173,efb54fdf-9a9a-4292-8f78-b193b4fc1602,e85d09ac-6b49-4e50-ae00-3a73da95f64f
c1773a51-448e-48e6-82dd-2cd6d8834173,81afb2a1-05a8-483b-b128-f0d717e15daf,dcbb7433-35b9-4941-9f07-904d03675c9d
c1773a51-448e-48e6-82dd-2cd6d8834173,e38434d4-ca5a-4764-912c-4a48cf05e51f,8e476f85-1fba-4b37-8385-f13db5365b00
c1773a51-448e-48e6-82dd-2cd6d8834173,a8376c37-1198-411a-ae12-622f497ab89f,f4439f7e-2e99-4d03-9bce-f372b5ef0260
c1773a51-448e-48e6-82dd-2cd6d8834173,6b1f7896-0c07-4133-b73e-3212b9f38251,25097c86-d3a9-4dfe-b0fa-a67fdb5e269a
c1773a51-448e-48e6-82dd-2cd6d8834173,3d9d9de8-c745-401c-90d8-9e151e58a799,8fc07cfa-0b33-4b05-b191-98aa8bb97782
c1773a51-448e-48e6-82dd-2cd6d8834173,8f2b94f6-706b-4588-a482-bee85a197cf9,0af80156-ca0a-472b-a4dc-0cba3f401731
c1773a51-448e-48e6-82dd-2cd6d8834173,bd769059-10d3-4fe4-9bb4-1c213dafbef1,f0d01fcb-b991-4cae-8633-392d87396f1d
c1773a51-448e-48e6-82dd-2cd6d8834173,e7abbcee-0c19-4c85-9540-c0cc7f6a13d8,5db9ad0a-1ef5-45bb-9a01-0c6f552f6c7d
c1773a51-448e-48e6-82dd-2cd6d8834173,4753ecb3-f5ba-4f8f-8762-7ad8103270a3,ce858f11-f5e2-44ba-94b8-23ea0b349e02
c1773a51-448e-48e6-82dd-2cd6d8834173,68eac9f9-750e-40bb-80ff-6dd285403170,bc642de3-9354-4216-9f34-db721bb04ec0
c1773a51-448e-48e6-82dd-2cd6d8834173,f89dd1d0-b798-4516-871b-80388bd508f2,4c9023e0-72cf-4992-b017-4c8b42e7f530
c1773a51-448e-48e6-82dd-2cd6d8834173,aa6930a5-102c-45a5-af91-f9d152ad0e91,a550a1f6-5686-4147-ba9c-93557f4ffd1c
c1773a51-448e-48e6-82dd-2cd6d8834173,aae25ae1-56ed-473c-80e9-26f59cfd28cf,7e9f0d3d-0fb9-492c-8709-2c646aaf33c0
c1773a51-448e-48e6-82dd-2cd6d8834173,d1edba70-e00b-4f80-86cc-702c683b727a,7b76ed1c-5328-43f5-9c82-3eb2fcd24cf0
c1773a51-448e-48e6-82dd-2cd6d8834173,29f7328c-94b2-4136-81c7-d025991acfd3,39932aeb-b328-430b-bb44-3575d0afa61a
c1773a51-448e-48e6-82dd-2cd6d8834173,5c91419b-93e6-4428-92be-7bdc259f8a20,1ff586da-ade1-4e84-9a5d-125d137d49b3
c1773a51-448e-48e6-82dd-2cd6d8834173,33a8fb2e-bec2-478b-b24e-41491d61d73a,adca2ae8-18d2-45ce-8022-d4a255c9d936
c1773a51-448e-48e6-82dd-2cd6d8834173,b36bea76-0238-45bf-bf3e-c9478a649f41,58c28c7f-a9ad-4c74-aa26-356b83a57818
c1773a51-448e-48e6-82dd-2cd6d8834173,3378b146-6dff-4225-9815-3e5e3a4766e8,dcf6e3d0-6091-4b3d-bcde-2da7902be9cd
c1773a51-448e-48e6-82dd-2cd6d8834173,bdcbf7ee-8999-434a-9606-d1aab42f2cc3,65fa5cfa-98da-42d7-b544-f02326e3166e
c1773a51-448e-48e6-82dd-2cd6d8834173,4d6e44d8-9090-4e36-88fa-af276043d1a1,3010aa98-fdef-4288-ae30-d01b18c1ab63
c1773a51-448e-48e6-82dd-2cd6d8834173,8ae89c8e-07f3-45a9-9970-022fee144cf9,2be284f3-71df-4e5f-9109-e2235d928f90
c1773a51-448e-48e6-82dd-2cd6d8834173,085275b4-77ea-4cbb-956d-d9307d171cb3,ef229264-fd6d-4764-b6c5-95252bea3313
c1773a51-448e-48e6-82dd-2cd6d8834173,7a51f36d-62db-4e2e-a8de-35ffe160c44f,84e4afe5-48f2-436a-b64e-f27fc6fe01bf
c1773a51-448e-48e6-82dd-2cd6d8834173,e262a63a-53f6-45e5-a569-bd6ecf3765f5,1352565c-6913-42bd-8bde-f29216c38cbd
c1773a51-448e-48e6-82dd-2cd6d8834173,14226262-5b45-498c-a26d-5d64c2f2aaed,50f0a383-85fd-4582-aef9-e01e5ffa81dc
c1773a51-448e-48e6-82dd-2cd6d8834173,c2cf2c30-6696-445d-bfd7-d78733da9da2,4699dbd8-1811-48a5-9359-c1e88184a94c
c1773a51-448e-48e6-82dd-2cd6d8834173,e958c5e0-033b-483e-bbfe-8d7c8f9ce924,af7b84b8-6fd9-479b-8c6f-033986e649cc
c1773a51-448e-48e6-82dd-2cd6d8834173,512266b1-7d3d-4559-b9b6-161fc061e6ac,38884c6c-e9f0-4f60-a136-05d84120a4b1
c1773a51-448e-48e6-82dd-2cd6d8834173,743d7c4c-7e1f-4802-b501-6817b4336a03,c7e98bb5-efdf-4134-8c4e-610c06b08900
c1773a51-448e-48e6-82dd-2cd6d8834173,61cb9194-6bf3-48b5-86f9-e0f55201ba72,1e26204b-d97e-483d-b258-ab388c6d002b
c1773a51-448e-48e6-82dd-2cd6d8834173,1258d17e-4c4a-4904-970e-983e2058744b,8ab7d326-48e3-40f1-b458-3588e96cda56
c1773a51-448e-48e6-82dd-2cd6d8834173,5a04c78a-a26b-4753-a9dd-e0d76f9d4d84,ac6d76ac-d5e1-42fe-ab08-34813269dde7
c1773a51-448e-48e6-82dd-2cd6d8834173,8732665d-92ff-478c-a5c9-c5e36a0ad527,bb1bc9cd-7115-4a7b-a252-fea1f82f4a5e
c1773a51-448e-48e6-82dd-2cd6d8834173,8d5c121d-6110-4dd6-80aa-7a73ea5a8bf1,302bdab1-03b5-4e92-b0e2-32a2a9096104
c1773a51-448e-48e6-82dd-2cd6d8834173,7d297344-4010-4971-bbc1-ddd0014b4504,cf2a9fea-7cab-4971-8c00-ab1f89e478c2
c1773a51-448e-48e6-82dd-2cd6d8834173,df3854d7-7ceb-4cb3-a5b1-119142b2d0bf,8fc621a5-df59-4519-a32d-e420262e74c9
c1773a51-448e-48e6-82dd-2cd6d8834173,3c1b64f1-42a0-48cc-afe6-f0d73af50434,b9186909-0fcb-4f87-af1a-80ac560a6720
c1773a51-448e-48e6-82dd-2cd6d8834173,59add791-ac7c-451b-93a3-341271cc9f49,3922292b-9e46-42d4-aab2-10e0245dde8f
c1773a51-448e-48e6-82dd-2cd6d8834173,89b6af00-5b76-4127-9743-090834b830ff,0e5a6517-df66-403a-ab42-ebf1417de581
c1773a51-448e-48e6-82dd-2cd6d8834173,8efe73b9-8d26-4706-9f1d-74e66720d2d4,4faad5e3-db74-49c6-ab20-aa66bc259655
c1773a51-448e-48e6-82dd-2cd6d8834173,9a616ce2-d2b5-4ab4-b523-39d326aca94c,ed6e3748-3451-478a-983a-ceab3c5d91e1
c1773a51-448e-48e6-82dd-2cd6d8834173,e0243e95-2bec-4262-951b-4acc3abba4d6,e36d95d8-dc91-429a-a213-69e8f881a038
c1773a51-448e-48e6-82dd-2cd6d8834173,8aa538f9-fa84-427d-a4f4-174452092e42,09e012c6-8920-4788-a398-40eb735d871d
c1773a51-448e-48e6-82dd-2cd6d8834173,f39d9775-2328-4751-a137-ab6e43b6b3a0,c594a214-0ab1-49de-81b7-dc2cafc0f27d
c1773a51-448e-48e6-82dd-2cd6d8834173,2261b301-77d6-472b-952b-1f4475e7be82,cfc89d76-4b84-4120-8167-7b6742c4479d
c1773a51-448e-48e6-82dd-2cd6d8834173,0c120575-5d44-4ceb-aaa8-19340b234c77,f37c920c-df6f-4640-a3c3-28675bd8043c
c1773a51-448e-48e6-82dd-2cd6d8834173,5153868d-17a2-4edd-9b4d-4fd0ef9eeeaa,02f17f0f-6bd5-4309-afe7-0ecab72738a1
c1773a51-448e-48e6-82dd-2cd6d8834173,777a4551-6e7e-48bf-ac6e-4a6d3b1a42c0,28fe2992-57e9-4301-b4f9-93af4b105292
c1773a51-448e-48e6-82dd-2cd6d8834173,365bc40b-da72-405e-a1ef-4169cb63ad2e,a59e85aa-004e-4dbe-b489-1a36c17eb05d
c1773a51-448e-48e6-82dd-2cd6d8834173,755d171f-a386-4c62-babe-e486430c9959,ae621613-5c16-49e2-80f2-a6ebdda60b6d
c1773a51-448e-48e6-82dd-2cd6d8834173,a101a565-1f29-4fdf-ac23-91d8371ee094,ee7890fb-f50a-4cc9-bb9c-2e526096f761
c1773a51-448e-48e6-82dd-2cd6d8834173,429da564-b2bc-47e0-be31-56e1d2e16a16,e6df2ec5-b11c-49e2-815a-1b2f75c53f5e
c1773a51-448e-48e6-82dd-2cd6d8834173,c504a85b-5e44-4914-8b97-44f99bfe44ed,d3e6b932-882f-4bb8-a879-f9d084d1dfde
c1773a51-448e-48e6-82dd-2cd6d8834173,d4dd7894-7762-49e9-bc78-9ae0fe54a543,cbdb7056-d707-49fa-99e7-5a80f93602ef
c1773a51-448e-48e6-82dd-2cd6d8834173,dc0c2955-d3c2-4522-9877-de2ebc72ef01,6c31e0c8-9659-4d2c-bee2-db5d1f77ae0b
c1773a51-448e-48e6-82dd-2cd6d8834173,6bbe0c5a-cf34-4799-9c39-d4c334d968c0,22c7d1d3-26dc-46ed-afc5-b93587d685be
c1773a51-448e-48e6-82dd-2cd6d8834173,6cde3677-bf26-41e2-8ffc-0c8fd1d2658d,b4abeb5b-b53e-43e7-b71f-47c05d7757a5
c1773a51-448e-48e6-82dd-2cd6d8834173,02538fa6-47d4-484b-9134-85acc679c9d4,b00cf5e5-200d-42a4-bad3-f763bfbf073b
c1773a51-448e-48e6-82dd-2cd6d8834173,fbcde93f-74fd-4416-9ea1-bc6901566ea9,2fda352a-ad06-473c-bfd7-5dc56a6a20dd
c1773a51-448e-48e6-82dd-2cd6d8834173,707abf52-f6c3-4d93-8817-c048063b71d0,5f853957-1280-46b8-b532-4bdc857b8f00
c1773a51-448e-48e6-82dd-2cd6d8834173,10424827-113a-4869-9221-d15af6ddaef0,097d8446-5d62-44cc-97e6-2972407f5c66
c1773a51-448e-48e6-82dd-2cd6d8834173,0a3f9c41-0d30-4ad2-bc93-9eb0871141db,4d7b01ac-d25c-4905-a307-46cb4faac53b
c1773a51-448e-48e6-82dd-2cd6d8834173,f18c40d6-76ae-4cce-9617-89e88ca952c3,655b7b94-6040-4da1-8e0c-bae70a92f0e2
c1773a51-448e-48e6-82dd-2cd6d8834173,f6466e21-1018-49ab-b4d6-6f616733102b,3657c794-4a1c-4e51-a7af-997a6e6a5397
c1773a51-448e-48e6-82dd-2cd6d8834173,2ce33625-c09c-4b66-a0bc-91b9c7bf2b64,eedf3639-620b-4dca-babb-9843eb875d6e
c1773a51-448e-48e6-82dd-2cd6d8834173,6dc62adb-fad6-4806-bd36-0cee4d074577,3caff273-515f-4252-b13c-02ee4a351577
c1773a51-448e-48e6-82dd-2cd6d8834173,bb754218-256d-43e6-97d6-105196aefb2f,fbb982ef-d9d4-4e5a-a346-8d526ba7c6d6
c1773a51-448e-48e6-82dd-2cd6d8834173,e8368fc3-b97f-4fc0-85a4-221f7b540abc,327d0b70-f5d6-4450-9fc2-91803d12efb9
c1773a51-448e-48e6-82dd-2cd6d8834173,d9938e61-405a-4b63-ab0e-b7068c751305,ee20a945-efd0-4800-bbbe-b43d8ab6ce61
c1773a51-448e-48e6-82dd-2cd6d8834173,186c90c3-c0f0-48a0-af5c-b2695a5d22e6,a6551c5b-69c8-493a-a7b9-9593be8daf94
c1773a51-448e-48e6-82dd-2cd6d8834173,2d17cbca-8444-425d-95fa-87817e71b9a3,2e45c1e5-0804-45d7-a231-2c8be42ed9d9
c1773a51-448e-48e6-82dd-2cd6d8834173,18325290-b3ed-416b-a11e-98d68640c3ac,a53cdcbb-1f2f-488d-8c70-fda47865991b
c1773a51-448e-48e6-82dd-2cd6d8834173,98adefd9-3e89-4857-bbbb-955b015ba2f7,1427ef24-e9d9-4704-bdde-5e3f8e8582a5
c1773a51-448e-48e6-82dd-2cd6d8834173,1c737c64-2247-412a-8cb6-64603e74b9af,96c2ee9f-620c-49f5-a431-586fe1728fdf
c1773a51-448e-48e6-82dd-2cd6d8834173,4dc83da8-f5f5-4ac4-a8c9-daa70fe4e5bc,48435eb5-c56e-491e-873b-faabe8452bfd
c1773a51-448e-48e6-82dd-2cd6d8834173,595a69f8-57a2-4d58-94bb-a7c6a07939e2,586e8b5e-e5fc-441e-a607-498495b97605
c1773a51-448e-48e6-82dd-2cd6d8834173,3f75cb82-2825-4e16-8091-e7ab0db7eb03,4d2021f0-ce68-4b33-8870-f00699495ed7
c1773a51-448e-48e6-82dd-2cd6d8834173,8b200fe5-3305-48b4-8d7c-c872ca4538c4,18870282-f45b-4e09-bd12-43383e2445dc
c1773a51-448e-48e6-82dd-2cd6d8834173,1246da37-d1f3-4b9e-98bf-03f8fd6ae6f6,68adc90d-885e-4891-bfd4-23efa0632d4a
c1773a51-448e-48e6-82dd-2cd6d8834173,c08a3ee5-0550-4f38-939e-70b6e1f772e0,b35d8af7-1319-4cb0-86b7-72773092867c
c1773a51-448e-48e6-82dd-2cd6d8834173,cac3c35c-d122-40f6-9fef-fd4e8782fdbf,cddacaf3-e274-4e14-8601-b231b036a653
c1773a51-448e-48e6-82dd-2cd6d8834173,6ce8fc9e-d0f7-4cf6-99f1-8057c81ea591,d0bc42f5-1610-487d-86d7-942f1053e2ff
c1773a51-448e-48e6-82dd-2cd6d8834173,3cc569a8-8e8b-41aa-8d99-78261dd73aa9,09b221aa-3f19-4448-a4ec-5c7f9b48fbd8
c1773a51-448e-48e6-82dd-2cd6d8834173,66406bb1-8d2e-4d02-8b6e-7ba409a95db0,102224bb-1a88-42a2-9620-498b9a771a93
c1773a51-448e-48e6-82dd-2cd6d8834173,4b8ce0d7-071f-49a2-adcc-445618d71b74,cf49d049-d806-47c6-a1c9-480d3bee29d6
c1773a51-448e-48e6-82dd-2cd6d8834173,6559265e-3f89-4ef1-8ba9-4428e35ef8ca,e843ce2c-f06b-4b86-9d7e-7563985d43a7
c1773a51-448e-48e6-82dd-2cd6d8834173,cba03814-a625-49d3-9b0d-c9bce7760912,962e092d-8109-4190-a100-53b604e278cb
c1773a51-448e-48e6-82dd-2cd6d8834173,690895b7-50e9-4890-a354-f7bdce48a508,de5ccb3d-fab7-4ae7-a38f-4144f8f293c7
c1773a51-448e-48e6-82dd-2cd6d8834173,df95a508-7084-4273-bc2f-1ecea0a1ef08,aa2ca62a-77e7-4fa8-9b19-1e93e13d2e30
c1773a51-448e-48e6-82dd-2cd6d8834173,c39d0565-b28a-4af8-ba58-b35fcd4d3a2a,d1a5c934-a40f-481a-8cad-943f43c34679
c1773a51-448e-48e6-82dd-2cd6d8834173,d22f170b-0645-4494-b5f9-f69c62a527e9,de15d41b-d4de-4644-81ec-5cd9ee059a93
c1773a51-448e-48e6-82dd-2cd6d8834173,6be4337f-0ac2-4291-85b0-d010cd5dd8cf,b01939c1-a00c-424a-af0e-0cfbb72a1e02
c1773a51-448e-48e6-82dd-2cd6d8834173,ae6e51e1-6604-439d-b4f9-165ab73c18df,81377ea8-bf94-4f7a-88de-080f035bf5b5
c1773a51-448e-48e6-82dd-2cd6d8834173,db6957e5-1c18-4ae9-a254-7218b789655f,c55748a8-613e-4fd9-b96e-574df7a91d71
c1773a51-448e-48e6-82dd-2cd6d8834173,63fe5c5c-8690-49fd-bb1c-dc503995f4eb,8a48ba83-fd52-4b56-b8a1-2ce84d3efee9
c1773a51-448e-48e6-82dd-2cd6d8834173,9052e4d0-e0cd-4a2b-8a29-c0204cec19f9,2ccde83c-c6ed-4660-9bbf-9cc872b119b3
c1773a51-448e-48e6-82dd-2cd6d8834173,147a7949-fa42-44f1-8578-68d19c3fb153,dba29ce8-c1a7-4300-89ca-d4c181064f6e
c1773a51-448e-48e6-82dd-2cd6d8834173,0e00cb63-2c5f-40a3-8b92-250995c6f504,adfdf761-44c5-41b9-a2eb-9509a8a92538
c1773a51-448e-48e6-82dd-2cd6d8834173,db482ff9-1860-4c3a-aded-4465ec4a6972,5680681c-5f93-4c58-95ba-cd4ade51e349
c1773a51-448e-48e6-82dd-2cd6d8834173,069f0e8f-6b95-49ab-b4f9-7fa8ce3517d0,56851599-f762-488d-8b49-37238219f4a6
c1773a51-448e-48e6-82dd-2cd6d8834173,c4024590-e6a5-485a-9675-50ee1d39a588,c95ac05c-0de0-4e15-91aa-78d1dad8f16c
c1773a51-448e-48e6-82dd-2cd6d8834173,e626c69d-6b5c-498b-ba6a-14b939089638,e361b2da-58d1-4b37-8cdf-a61badf20ff7
c1773a51-448e-48e6-82dd-2cd6d8834173,1a7cd38d-242c-4197-86f7-83250c25f95e,2e2498c2-bb91-40a8-9784-002c84188116
c1773a51-448e-48e6-82dd-2cd6d8834173,8061dbaa-930d-407e-b756-abf51c1478ae,5d4aabaa-d3b0-41e1-b5ba-210fed5c3bcb
c1773a51-448e-48e6-82dd-2cd6d8834173,dae5d682-7032-4326-a18e-2c08cbb7fb4e,720a0182-a362-4931-a20d-d2f0c26739f4
c1773a51-448e-48e6-82dd-2cd6d8834173,5f11fc38-91ab-4f9e-b239-a59bfdce4062,1330e547-6663-4513-9ffd-2bc647398542
c1773a51-448e-48e6-82dd-2cd6d8834173,f36c7879-fe3b-4084-a5b0-b71e96e75940,fc65bbda-6050-4244-bfea-df74d4465c57
c1773a51-448e-48e6-82dd-2cd6d8834173,43acdc5a-3fbe-4f28-8a0f-7a1d4e6af413,a52e25ad-d999-4401-bd5f-dfb04c1bbb82
c1773a51-448e-48e6-82dd-2cd6d8834173,97f16bec-48e7-4e94-a964-ba343de5b470,614337ad-6402-4e54-957a-a6d60440be2c
c1773a51-448e-48e6-82dd-2cd6d8834173,ef25ca7d-f8cc-460b-a250-70e52286b804,cc49daab-e218-44f2-b9fc-db059ccc6240
c1773a51-448e-48e6-82dd-2cd6d8834173,d3e2146a-df7e-47ef-92ee-cda3e53ed807,9838b1a6-1d08-43d6-9054-abea01cd5aa3
c1773a51-448e-48e6-82dd-2cd6d8834173,20495009-6eff-4813-8479-c5aa6cf20b5b,8c73edbb-937b-476c-854f-990f407473b8
c1773a51-448e-48e6-82dd-2cd6d8834173,e8e6b351-d9be-4558-ac7f-c61891f5ad15,531dac9f-c90f-4ab9-b7d3-f108c143f2fa
c1773a51-448e-48e6-82dd-2cd6d8834173,d5fe9a05-1b9a-41b1-873d-3e024defce16,85514165-38b3-42a0-a116-5bbd0e7c54f9
c1773a51-448e-48e6-82dd-2cd6d8834173,c4053509-389a-4cc3-8f99-701a02be0560,a9c39138-5c7a-4640-8916-aa7d00f970a1
c1773a51-448e-48e6-82dd-2cd6d8834173,58ba9d62-19d8-4765-a95c-edafc8237ccc,ffbc67b6-6946-4488-b556-a5d49a563813
c1773a51-448e-48e6-82dd-2cd6d8834173,7cb2467d-cea2-4f18-a6a4-08e1cd3baf76,74392925-8436-4c65-af53-87ed86ebbd94
c1773a51-448e-48e6-82dd-2cd6d8834173,d3452874-5688-4451-a5be-d47bb4cab7cd,843521f6-7400-4b28-ba5a-d9b32c2041aa
c1773a51-448e-48e6-82dd-2cd6d8834173,805c5136-1164-4abf-914f-44c604f21ecb,aedace26-060f-41b3-8b1c-3e4ccfce8687
c1773a51-448e-48e6-82dd-2cd6d8834173,0fc8d503-b6c3-40a4-bbd2-0609d3e68a10,c85d7215-72c2-41b2-823c-2a5a5aead0b1
c1773a51-448e-48e6-82dd-2cd6d8834173,696dd8d4-0f8d-4ed7-b01f-248d49011bd7,27e5ec33-a62e-42f3-895b-150a2980dc55
c1773a51-448e-48e6-82dd-2cd6d8834173,6df4eba3-9fab-4849-aca3-40056f5416e2,e184fe64-a264-4aeb-b0bf-7f1d2a91dee2
c1773a51-448e-48e6-82dd-2cd6d8834173,bb7d388a-1f50-4be1-b98b-9120d7b1649d,aeb7211b-42a8-44f1-999c-3127d2c68a8b
c1773a51-448e-48e6-82dd-2cd6d8834173,aad596d9-9362-4fce-b355-4d0473a8f87d,bdca9cb8-31d8-4eee-9d02-75f7d7d145b8
c1773a51-448e-48e6-82dd-2cd6d8834173,ca643a50-07da-4e8e-90c1-9181e8309b6e,ec854309-2d90-493a-86dc-84d8ec996347
c1773a51-448e-48e6-82dd-2cd6d8834173,170aadc5-40d1-4c0a-8608-4f2554d1ece9,f2cabaee-ad11-4deb-8a26-386b6119c243
c1773a51-448e-48e6-82dd-2cd6d8834173,09d00f54-7c7f-43b3-99e4-6703ade1961a,14d4616d-89dc-4289-ae93-02e9628c1abd
c1773a51-448e-48e6-82dd-2cd6d8834173,2c2ea680-3e0e-4295-ad59-ecb29aeb938e,0bd1cc20-ea5c-42f2-9299-cc04843385b6
c1773a51-448e-48e6-82dd-2cd6d8834173,e5773d8e-ccd2-47a1-9f3f-61f913471b8a,43322809-26cd-4486-9f79-160124e20b98
c1773a51-448e-48e6-82dd-2cd6d8834173,217d4824-827d-43d3-b4f9-4c536ebfab41,53e26eb2-145c-4982-99de-4d1850daff80
c1773a51-448e-48e6-82dd-2cd6d8834173,615f67d5-b95b-4bd5-b61e-a8c1b3150c41,4b36c0ee-f287-4b64-8697-43eb20eb2b5f
c1773a51-448e-48e6-82dd-2cd6d8834173,67695247-b2be-43bf-9c26-53dbe1f16b11,23e827ab-7aba-4481-aadf-fbd952d1cec5
c1773a51-448e-48e6-82dd-2cd6d8834173,73106171-b585-4b8d-8fd3-8397bd651722,a6d3ca99-c7fa-448b-960e-681b2a7f4223
c1773a51-448e-48e6-82dd-2cd6d8834173,7a8c87be-6890-4259-bcd6-e7f1ffff0b08,d574884f-69f0-4824-8af8-142a99bb6cba
c1773a51-448e-48e6-82dd-2cd6d8834173,f8965f4a-bc61-47b5-8d0b-18c246cd6607,a4fe4fd8-1f86-4f58-a0af-56f374594dc9
c1773a51-448e-48e6-82dd-2cd6d8834173,49f86c68-a098-4010-9535-cc9989d34c9a,039e3587-4205-465f-9e22-960fb1441552
c1773a51-448e-48e6-82dd-2cd6d8834173,a4a63404-2c8d-40fe-a5e6-6fd42ce3bd62,c876af14-d23d-4ff3-8d75-60073f8b7f75
c1773a51-448e-48e6-82dd-2cd6d8834173,651bf081-b422-4dfe-8231-239625d9b1bd,fbb4b0f6-e11a-4872-b531-4959958de486
c1773a51-448e-48e6-82dd-2cd6d8834173,89e7d059-c4df-4235-9451-819a490172de,6d6e83d2-fe63-4356-91a8-e3a9f1195675
c1773a51-448e-48e6-82dd-2cd6d8834173,cbd3b3c7-6180-4c2a-a91a-e020378e4def,9b91ee6f-3a2f-46f0-abe3-af02ecd63b6c
c1773a51-448e-48e6-82dd-2cd6d8834173,9f79a711-99f7-4fcb-82d8-436e60324800,8657ad33-5080-461e-83e6-5235423a55b0
c1773a51-448e-48e6-82dd-2cd6d8834173,0c6571bd-030c-40ae-9e15-6eca29219f75,88b986f0-d714-4e23-b12f-7e6d48bdf13f
c1773a51-448e-48e6-82dd-2cd6d8834173,453333f2-5f68-4401-9e72-e9e70579802c,00ef4c8d-ab6d-427b-8343-ec4be12d666e
c1773a51-448e-48e6-82dd-2cd6d8834173,b79e19d9-3a99-4ed9-9d3b-1c86099c5fb8,3f205be5-7f55-4807-af5e-269c8dfbf952
c1773a51-448e-48e6-82dd-2cd6d8834173,9ea8e6f9-50be-4a57-94b0-73469c5b82ef,d5d31b97-31c5-4f12-a871-9579c3a0c609
c1773a51-448e-48e6-82dd-2cd6d8834173,448db449-ae1c-43ca-baca-1797218ac211,85e5e74e-0fd2-4b11-b304-087611799fca
c1773a51-448e-48e6-82dd-2cd6d8834173,0b873963-1b15-484e-a5ff-45585de9562c,23a5785c-3643-439e-839a-a85719e0f8b5
c1773a51-448e-48e6-82dd-2cd6d8834173,461c6c71-4c55-453c-b4ce-c70c9ba84ea0,71393c62-fa38-4af9-970f-f93297b66875
c1773a51-448e-48e6-82dd-2cd6d8834173,344d9650-845a-4bdd-aba4-39f5f3980310,b3c47e01-35d3-4035-905c-941dfe88dc86
c1773a51-448e-48e6-82dd-2cd6d8834173,79436928-df17-4c40-b68e-7c8bd7175ef5,43f874de-0b59-401d-a2d7-712cf4a5e189
c1773a51-448e-48e6-82dd-2cd6d8834173,36301b2a-195c-4b1f-ac6a-9f6a0ac080bb,1c9cd7f1-97bb-447e-83fd-929dd37fc4fa
c1773a51-448e-48e6-82dd-2cd6d8834173,d8b89cf1-bd38-408c-b2c6-7889b13d7790,abffe74b-f858-4972-a657-160bfade1027
c1773a51-448e-48e6-82dd-2cd6d8834173,a7ed43f9-835b-42f3-8fc1-7d683a13fb38,e9f3f9b2-04ee-4473-8c56-52d209f7e60f
c1773a51-448e-48e6-82dd-2cd6d8834173,3c77f487-7b48-4c22-b8cc-6711ca0d8142,ea229bf4-554a-406b-bebd-59546155eaa3
c1773a51-448e-48e6-82dd-2cd6d8834173,bfdb6b7e-babe-4f5c-a0ed-809acd0236b8,dd76631b-16ad-4c61-bd9b-8c48c81666a9
c1773a51-448e-48e6-82dd-2cd6d8834173,44d26f2a-faf6-48ef-97b4-4ea186ee2610,a254526b-b157-4cce-9ef8-1850839cddca
c1773a51-448e-48e6-82dd-2cd6d8834173,b630080f-4aa7-42dd-b465-e303d18c4805,4a20a649-aa57-454c-bfd5-c253b39cc016
c1773a51-448e-48e6-82dd-2cd6d8834173,30fa6fad-5b3c-46c5-9b30-41c14606cb54,6dc49c42-8225-493f-b370-91bc1d28e8a9
c1773a51-448e-48e6-82dd-2cd6d8834173,29447635-00a6-468c-8177-d34dede206e8,7333b3e4-7b81-4a0c-8a07-e37716ad40af
c1773a51-448e-48e6-82dd-2cd6d8834173,e24dc2cc-1fff-4509-b34d-ce01a1713cc4,29ff9e65-2ce4-4524-b50c-e2d57a58d05f
c1773a51-448e-48e6-82dd-2cd6d8834173,08ee682d-bfba-4733-96ed-1d792ccd21be,b0b5d2bd-e75b-4cfc-93a4-f34cb6bdab36
c1773a51-448e-48e6-82dd-2cd6d8834173,9d37ad07-5be1-45db-a9cd-10576c94562a,6f125f0a-1fd6-44c0-95de-afdf6aaeac52
c1773a51-448e-48e6-82dd-2cd6d8834173,4fbeaab0-37ac-4ac9-ba7a-6b41acbd3e92,9cadeea3-3139-499b-9042-d5b2bdb84e40
c1773a51-448e-48e6-82dd-2cd6d8834173,62635ae0-8de7-4a05-82f5-7c327caf79b7,d75f5cc3-215f-466a-8d9e-779dbdeb2e24
c1773a51-448e-48e6-82dd-2cd6d8834173,7c7af1b3-1e2f-4650-b5b1-bfed882bfff7,a10c1fac-f317-4af2-b49e-cd6bde062683
c1773a51-448e-48e6-82dd-2cd6d8834173,0e34b693-540a-4fad-891a-7403cf3c3a6b,1e0ca8ce-11d2-4381-8939-42e6e4d1117c
c1773a51-448e-48e6-82dd-2cd6d8834173,cc307b1b-9a7f-47c9-81be-8a725438f6f7,c644e612-6af0-4236-bc3f-3f7f4572ea6f
c1773a51-448e-48e6-82dd-2cd6d8834173,17ee697b-edca-46fb-9d7d-8d82d747cd17,14a450a7-1a02-4551-8592-40b54ef3f73e
c1773a51-448e-48e6-82dd-2cd6d8834173,d830a97e-c4a5-40f6-8bde-a0c758b7d902,fd7dcb7c-45e0-45b4-ad5e-c2ce241a7818
c1773a51-448e-48e6-82dd-2cd6d8834173,54c65aa8-b63d-4262-9b36-143c72559e9d,bac3bc91-801b-49a6-8b1a-db2e6e2f6b62
c1773a51-448e-48e6-82dd-2cd6d8834173,39998dca-cf42-4687-9554-80164cad3547,45cea304-eea3-4ca7-adc2-c3d2a2bf5d4d
c1773a51-448e-48e6-82dd-2cd6d8834173,1a69441b-2a4c-4eba-9f3f-7a64910b88c8,21784ce9-f0c7-4afc-95ac-0f4212494562
c1773a51-448e-48e6-82dd-2cd6d8834173,f1084c89-63ce-4102-9309-d1394adc33fd,3bc2a113-8a63-4388-a610-f921f480692e
c1773a51-448e-48e6-82dd-2cd6d8834173,6f70d227-0f5f-4ae6-ab52-2f31415f889a,7c4a0f75-0ab7-4bc8-bff7-62a31a5c072b
c1773a51-448e-48e6-82dd-2cd6d8834173,98060ef2-3e11-47ea-83b8-7643693d271c,1e10eb97-2ece-4f78-86a9-cc4bdff37b8a
c1773a51-448e-48e6-82dd-2cd6d8834173,0ee1c13a-4ac8-48ee-b7e7-6fdcd639bcbe,8280d6f5-f032-4c5f-8a39-f9e9064251b8
c1773a51-448e-48e6-82dd-2cd6d8834173,97805e7c-5589-4ff4-88e3-603c77e1156f,f9c836b9-d682-4401-aa55-0cf9b8816a6a
c1773a51-448e-48e6-82dd-2cd6d8834173,f6bb2a43-3fd7-4ef2-afaa-87cb9918ccbb,adad18b7-f60b-4be0-a992-feb2eaecb8fd
c1773a51-448e-48e6-82dd-2cd6d8834173,e745b1a2-3aba-4cee-9192-98494f895939,53103e1c-3545-442f-9743-322bf52c475a
c1773a51-448e-48e6-82dd-2cd6d8834173,ed7630d5-e27c-4540-9c9d-418922d757f6,9844d6dc-f039-4420-9378-c4c1b08d6c42
c1773a51-448e-48e6-82dd-2cd6d8834173,3bfc3c10-47eb-4ada-aa50-c194557723bb,0a47478a-6eb5-4bee-91e6-3f69ecf45278
c1773a51-448e-48e6-82dd-2cd6d8834173,ab101a1c-9b2d-4173-add6-e91c5b35f4c1,3c2f59d0-d89c-4ee8-9c37-b4fdf2e497f2
c1773a51-448e-48e6-82dd-2cd6d8834173,5f4a3af8-d89a-4b8e-a9dc-92ad627166e2,cde141cc-b5dd-45b5-be0a-3683388405a5
c1773a51-448e-48e6-82dd-2cd6d8834173,56a17df2-dbaa-4def-8509-f1e1dd39419b,3afcbf7c-5a4e-4e6a-a730-fd4295349d3a
c1773a51-448e-48e6-82dd-2cd6d8834173,d71d0509-4f36-4de5-92a7-249d4ed31812,359c6e26-a016-43e8-9a42-c728deaeb537
c1773a51-448e-48e6-82dd-2cd6d8834173,e7fe65db-bb5c-4351-afd5-4ce1a572d5d4,1d09a12f-b235-41d6-baa9-501c05df33c3
c1773a51-448e-48e6-82dd-2cd6d8834173,a110d852-3784-4a5e-8031-59114372ba84,30c3cd4a-4695-41dc-8593-1a211701b474
c1773a51-448e-48e6-82dd-2cd6d8834173,81338292-3cc2-457c-8f4f-e6eb446e5f4d,5ede3909-4227-43e3-a616-524e52984a91
c1773a51-448e-48e6-82dd-2cd6d8834173,7a0dd430-bd8a-443a-9a99-89e370466e6c,282f398c-99a8-402f-852a-0d5225a86d83
c1773a51-448e-48e6-82dd-2cd6d8834173,f6722a51-397d-41fa-b50a-8f2ecdd8490e,1268d990-cb49-4a5c-822c-8cb1ff8f3a74
c1773a51-448e-48e6-82dd-2cd6d8834173,733746fd-1f6d-4a10-8e27-bff9646cec24,19bb4db1-8cb1-4ba7-8f85-d1f6ed003150
c1773a51-448e-48e6-82dd-2cd6d8834173,01155285-f775-4012-a1a2-8d73ae452c37,71272455-d6d8-4e47-8c3a-d7eee056f289
c1773a51-448e-48e6-82dd-2cd6d8834173,62f4bc98-227a-4e3f-a2c0-0ffbf6fb8ff8,4094df49-1de8-413b-bc3f-e7f133715955
c1773a51-448e-48e6-82dd-2cd6d8834173,760b39e0-bb77-4323-99d2-3a2ae1d1da32,dd2ec82a-bae9-4224-9b77-2d2d2614347e
c1773a51-448e-48e6-82dd-2cd6d8834173,9c87b75a-7ac0-4d66-ad60-6e0ef4b89560,d094da8f-bb10-41ca-a3ac-8f7a661a8a46
c1773a51-448e-48e6-82dd-2cd6d8834173,e3a7c6a9-aa78-4efc-88bb-c34a43d9db14,74c1cca9-8087-4f6a-960d-7afa50ab8b26
c1773a51-448e-48e6-82dd-2cd6d8834173,28fbfe2d-dfc0-491f-a328-bab49fa60a41,45762a47-2232-4d20-8f81-48d8a534f02d
c1773a51-448e-48e6-82dd-2cd6d8834173,cce4d713-c8a2-4a58-af1a-f1fb42712d01,9ae8983e-f554-4fda-bb05-99aa4e224b95
c1773a51-448e-48e6-82dd-2cd6d8834173,3637c021-ba79-4dfc-8d74-86e20996aba0,b63362a0-6238-4d7f-acb1-769eff174673
c1773a51-448e-48e6-82dd-2cd6d8834173,e8b147b2-6f93-40fd-96dd-e8f1067c21ff,8ddca6cf-8fcc-4d81-95ab-a1ce06682dc2
c1773a51-448e-48e6-82dd-2cd6d8834173,ce335f6d-460a-4972-a6f7-d940ca16e781,9c71e97a-f067-4079-8c94-53c37e090110
c1773a51-448e-48e6-82dd-2cd6d8834173,5c44251e-dc9c-4c02-89a2-9ed07dd44291,8077d352-c616-4ad0-82c3-ed18880721d0
c1773a51-448e-48e6-82dd-2cd6d8834173,c3e933d9-ed6c-4086-841c-3586bdd1092b,86b7dbd7-500e-4831-b06b-d5a5727ba89f
c1773a51-448e-48e6-82dd-2cd6d8834173,44300ff0-2113-43a4-b7ae-619855191eb6,a844581d-e665-4236-b3af-c7217bece44a
c1773a51-448e-48e6-82dd-2cd6d8834173,36c82852-80ba-43ca-b0fb-0a3be3caabe1,f7cfe3ea-4a5a-43de-9a25-b620693c53ae
c1773a51-448e-48e6-82dd-2cd6d8834173,e819d12e-0636-450a-976f-7e891adb2d01,ddfe4c88-5f1e-4006-a4eb-f1085ea31b7e
c1773a51-448e-48e6-82dd-2cd6d8834173,4ff53a3e-66c2-46eb-a43b-5185a0474f63,61a39bb0-70c7-4360-8ebd-ef15fc5799b7
c1773a51-448e-48e6-82dd-2cd6d8834173,edfb6b68-9242-40ce-a126-d96d1d639733,f1267157-8adc-464c-aaf5-421063c81a58
c1773a51-448e-48e6-82dd-2cd6d8834173,82660263-a2ff-44ea-ab95-bd8181a820fc,b7900ead-cdcc-4912-8cc7-cc5d9d32c589
c1773a51-448e-48e6-82dd-2cd6d8834173,b85108de-b66a-478f-817d-33a9b0248a04,8d388123-00ab-4d42-bfbe-9259d9351d86
c1773a51-448e-48e6-82dd-2cd6d8834173,bec6696f-4bfe-41bb-882b-9ed186b24b43,0de4958f-b6c0-431e-b8ed-8620685d24f0
c1773a51-448e-48e6-82dd-2cd6d8834173,f0a96841-e557-42e5-a973-747ce14c5479,4d65898f-f17a-45eb-9a3a-cffd94c8442b
c1773a51-448e-48e6-82dd-2cd6d8834173,059f7ad9-f538-4a64-b57e-c36279cbe3bb,dde3d6e9-d484-4131-820d-b5ca20002246
c1773a51-448e-48e6-82dd-2cd6d8834173,74a7c2a7-0b25-4990-945d-9a7fb62f1f97,0e870cde-b065-48da-a6ee-921c36af1155
c1773a51-448e-48e6-82dd-2cd6d8834173,c38390da-41b0-4c43-97ac-8a976750d7ea,2443cb95-36be-4d66-9830-b191fa46483d
c1773a51-448e-48e6-82dd-2cd6d8834173,efa2c4e5-6687-4f8d-a6b0-9f4cf9d1f7b3,ebf4c0b6-7219-481e-ad02-799fe231dc62
c1773a51-448e-48e6-82dd-2cd6d8834173,8e436e31-d78f-4638-ab90-962743ddbdd0,c4d9c88f-0530-4fff-88a8-db87cd03fdbc
c1773a51-448e-48e6-82dd-2cd6d8834173,ffa71312-eec1-4687-8564-9f691bd345ea,21dd30c4-ca08-4771-8d21-4a1b81d6499c
c1773a51-448e-48e6-82dd-2cd6d8834173,e1a7e09f-269e-4267-9781-73ba48257e59,979f44f5-ca5c-49e6-ad33-bbce2de30d5d
c1773a51-448e-48e6-82dd-2cd6d8834173,d2a891d4-cb04-4879-a25f-d6a56737f01e,4c917b95-4359-4518-bf77-bea863b8598f
c1773a51-448e-48e6-82dd-2cd6d8834173,56ea5188-6ba8-479c-939c-37f7510f18de,cf7db0df-740f-409d-a517-299f266441c8
c1773a51-448e-48e6-82dd-2cd6d8834173,b4902f15-a65b-4409-8eb5-ba198da69121,f6a5aba4-e239-4c4d-8c35-58a01a9b6583
c1773a51-448e-48e6-82dd-2cd6d8834173,e7f3c0b3-849e-4562-ad14-32a27a305409,f87d37a5-d619-474c-8b60-67b414ccceb4
c1773a51-448e-48e6-82dd-2cd6d8834173,f0a47e59-c7be-4090-9d12-cc2eaf581ce7,125444fa-6492-42d1-ace7-bd486d28fa98
c1773a51-448e-48e6-82dd-2cd6d8834173,7c895bf0-0ba5-4285-b830-20c1b87798e0,d2aa489e-2e88-4568-9665-8d9307f9895f
c1773a51-448e-48e6-82dd-2cd6d8834173,9f7164e8-3949-4d75-8215-7cbd7d6563db,b00783e8-48df-430b-a30a-6461ec9d90a1
c1773a51-448e-48e6-82dd-2cd6d8834173,a421895a-c568-4954-b221-f1469aa05a4c,2cd4e3e0-211e-4f5d-b38b-58c88c587583
c1773a51-448e-48e6-82dd-2cd6d8834173,6be8f56e-6ee4-4933-a487-413df5807171,29466010-23d8-4e28-83a4-1d5c160b1a31
c1773a51-448e-48e6-82dd-2cd6d8834173,81188ad4-3211-46ec-a334-573821f0aa8f,13645df5-e06a-4e3d-8ee9-41b2bf3de5c1
c1773a51-448e-48e6-82dd-2cd6d8834173,c4c9400d-994b-43c8-8ef6-a13f760270fb,232cc5c1-f0f5-4a06-8f01-8d948c21de1e
c1773a51-448e-48e6-82dd-2cd6d8834173,f1f28040-e085-4648-95bc-f2b74dfd1987,bbc31f9e-64d3-4ba6-b2ab-ccc1a764a9f0
c1773a51-448e-48e6-82dd-2cd6d8834173,e2317692-60ab-423a-9318-ded189055e9b,6dc714f6-d6d5-48da-a053-6817c8bb34c8
c1773a51-448e-48e6-82dd-2cd6d8834173,80204547-c9e5-4d28-ae34-44c6e53cb845,6e8cba8d-be74-4d74-acaa-31502c353a86
c1773a51-448e-48e6-82dd-2cd6d8834173,b8a62543-638b-44c3-9c73-ef7d36c70cfd,60593e4b-bed0-4839-938b-80749002fc4f
c1773a51-448e-48e6-82dd-2cd6d8834173,b45ac9d7-2369-4118-bb32-f0c0feaf028f,16878bf2-0720-4852-827f-08b07841a8cb
c1773a51-448e-48e6-82dd-2cd6d8834173,f0349f33-e069-43b8-a178-a7123156fed2,e122d2b8-353e-499b-9677-c150f5c4eaf6
c1773a51-448e-48e6-82dd-2cd6d8834173,a2892140-5c44-4d70-afbf-05ce65106400,dd2e47b0-0c88-495b-b2d7-42003b6fca6b
c1773a51-448e-48e6-82dd-2cd6d8834173,7cc8ad78-9770-4689-8ed4-a254579e9705,61c6f863-d9d1-404e-be88-ee206556a5ca
c1773a51-448e-48e6-82dd-2cd6d8834173,4954776f-c2cb-402f-99f9-696241fe0d63,1840efa8-8b59-46f6-88d3-4f4885809217
c1773a51-448e-48e6-82dd-2cd6d8834173,18f6c821-32e2-4be3-bbd9-9dddb70540f6,27eb339d-9c81-4443-8061-5036db274968
c1773a51-448e-48e6-82dd-2cd6d8834173,224d6654-3321-4849-9bcc-7c394f8c9a3f,7c015524-e924-44a4-b352-1853b9a06904
c1773a51-448e-48e6-82dd-2cd6d8834173,c53cfe6d-b96b-4fbc-bc2e-9db42fc3335b,637eb27a-2127-4745-80ae-b063af188447
c1773a51-448e-48e6-82dd-2cd6d8834173,65a6e968-521e-4084-ab94-cb00335054ed,e579573d-3efd-48da-8455-ae4bbcbbffb9
c1773a51-448e-48e6-82dd-2cd6d8834173,b957e3c8-8b87-40b3-a69f-8500a2aa62be,847f1fbd-9b1f-454c-bb07-4ab871a9cd31
c1773a51-448e-48e6-82dd-2cd6d8834173,86b9b861-a2cc-4b82-bef2-53db4f0e3d81,253de7d2-e5f0-42a7-9af9-4bbcf6ab80c6
c1773a51-448e-48e6-82dd-2cd6d8834173,0eb3e3db-2d69-4aa2-8bee-8785e15c086c,83c13def-2ae4-4bd9-9275-5bd2643ed369
c1773a51-448e-48e6-82dd-2cd6d8834173,41670136-cd98-4edf-ba9b-749c2bf6a619,8f420ed0-d1ee-4882-8018-8d5313f5cdbc
c1773a51-448e-48e6-82dd-2cd6d8834173,e6bb8ad8-2877-429d-a140-152763064fe6,33b41db0-726e-4ba8-b6e4-d41f98833e35
c1773a51-448e-48e6-82dd-2cd6d8834173,63938afb-503d-418f-963c-5858a0ff959d,137867f0-9bf6-4359-8386-ff8954c142fc
c1773a51-448e-48e6-82dd-2cd6d8834173,3535d301-c69c-4ec0-8fe2-fc5ce2c512a0,723b8560-0e12-46cb-bb89-5e0dd2cf67cb
c1773a51-448e-48e6-82dd-2cd6d8834173,fd821910-5045-4a15-bc5e-a1b23287fbd9,10b9314b-8bb8-450e-a34a-840699e46464
c1773a51-448e-48e6-82dd-2cd6d8834173,596d48bc-1723-4256-92d5-3275fa322bfc,36a31645-d066-49de-8852-7022b3c1ce86
c1773a51-448e-48e6-82dd-2cd6d8834173,ab9c2c51-0bde-46e1-91b2-160acc4e53fe,82929a2e-46a7-481c-a211-1e5ab56aeb14
c1773a51-448e-48e6-82dd-2cd6d8834173,1cef1047-ba71-404b-8e28-91feb22b700f,2d27bc46-40ab-4979-9af9-d615256cfe35
c1773a51-448e-48e6-82dd-2cd6d8834173,198117eb-d341-470f-8486-c21093c7549a,46994256-a700-49ad-a631-8f20f4f3a282
c1773a51-448e-48e6-82dd-2cd6d8834173,3ff6644a-9d40-4aad-a0c3-6381538e8028,eb8edaf1-7aef-482e-941c-cc2d925993d3
c1773a51-448e-48e6-82dd-2cd6d8834173,ea815e70-3086-41a5-9ae6-d67374e20bb1,88e8ef70-c82c-47e0-8e2a-e4dc8ca1a330
c1773a51-448e-48e6-82dd-2cd6d8834173,15b80c20-6ef3-45e5-9487-bbf5a7ac6538,0d3ec37e-12f3-4d6b-83d6-b75d4dc082bf
c1773a51-448e-48e6-82dd-2cd6d8834173,0e9445b7-62c5-4b21-8ef9-6a061d31aebd,540d13d1-3575-4ee1-a9d2-f896ef738a0c
c1773a51-448e-48e6-82dd-2cd6d8834173,687c9cd9-d446-4a7c-b109-6bd6ced8730f,030c7868-17ac-42ce-9d27-9f8f3d386c60
c1773a51-448e-48e6-82dd-2cd6d8834173,91d236f7-911b-4b6b-a9da-b6723ed6e947,d6c878bd-8271-41f5-9902-8023a3b111b5
c1773a51-448e-48e6-82dd-2cd6d8834173,c3b662cd-c779-4f1e-bac8-17eabd08d731,70f1216a-78c1-41f5-b979-a47e4c593e2f
c1773a51-448e-48e6-82dd-2cd6d8834173,b202b037-da0a-4218-9038-52f04e756174,be8c38f8-eef7-4fe0-b170-2f6b0069a5ba
c1773a51-448e-48e6-82dd-2cd6d8834173,e2d4efdb-02a0-42e9-b55e-b285cf8e0fbe,1a5311ac-d50e-4e11-aad4-d214f3bae3f9
c1773a51-448e-48e6-82dd-2cd6d8834173,3b3af695-7716-46e8-818b-f9a1f3060927,9f767b25-aba9-4a00-9112-87a33a8bf471
c1773a51-448e-48e6-82dd-2cd6d8834173,40bdc6ec-974c-42bc-8315-ce0fc4880be7,ad5740ed-3ce6-465d-9007-15f0e913210b
c1773a51-448e-48e6-82dd-2cd6d8834173,fca0238f-badb-49f8-9250-fe4161eb0a65,86c5f3a7-8fa6-4932-a1c0-9a242a3586a2
c1773a51-448e-48e6-82dd-2cd6d8834173,a6dea32f-84f1-4dae-a4b3-b6b4ed93506d,1a8ea984-7090-4047-8318-4d2e3692630c
c1773a51-448e-48e6-82dd-2cd6d8834173,a6e362f4-f286-4508-8634-a6f58a16754c,5a4ceb45-186d-414f-a3ed-7d0abf61ede2
c1773a51-448e-48e6-82dd-2cd6d8834173,b00ff920-ccf5-42e8-8092-65a855db058b,2c2c6fa2-660e-4c2c-94d7-9a93865181db
c1773a51-448e-48e6-82dd-2cd6d8834173,5af1e166-42bc-474e-885f-bd7ced71a602,29f91ddd-03e2-41a0-81d6-942f92c155b0
c1773a51-448e-48e6-82dd-2cd6d8834173,b30d6032-dd47-4a30-96d6-3f4f6c26db85,10d347d1-b529-417c-9e1f-7ff6c167aa32
c1773a51-448e-48e6-82dd-2cd6d8834173,867289d4-3bc6-4f27-bc7f-48fee869f2b2,21661b78-39c9-410a-ae99-083e5acd6831
c1773a51-448e-48e6-82dd-2cd6d8834173,c92ea3e8-3033-4cb6-b1c6-ad5895583d92,8db350cc-a9b4-4d0f-aa65-6507b0d895a6
c1773a51-448e-48e6-82dd-2cd6d8834173,5f5238aa-904f-48f4-a7be-ea1038823aef,cba76fa3-f243-424e-9b27-bab643bb7726
c1773a51-448e-48e6-82dd-2cd6d8834173,cba797e1-e64a-463b-a422-60f0e5044230,884a5941-2639-4ff3-a68d-b37ff1461cbd
c1773a51-448e-48e6-82dd-2cd6d8834173,c90be399-f4db-420c-b29b-87ef5646780d,cbc971fb-b34d-41be-a1a0-78cdd8b7258c
c1773a51-448e-48e6-82dd-2cd6d8834173,2f850b93-ae63-4f88-9d2b-d5c81cc8fa96,b4655be3-70d2-4563-99a7-1331de32ec30
c1773a51-448e-48e6-82dd-2cd6d8834173,906171c3-b7a6-4de5-9d96-167c9139557e,15ebc299-95f9-42a1-ab2e-ff05b2be02d1
c1773a51-448e-48e6-82dd-2cd6d8834173,2aa8dade-578f-4e7c-bca0-f78f609985c8,c1a58647-24a7-4daa-960c-c48d4990836f
c1773a51-448e-48e6-82dd-2cd6d8834173,f7958d44-85d2-4881-bcbc-65cba6a87632,30bd40c7-dce9-46fb-95c4-d0442f6f6fff
c1773a51-448e-48e6-82dd-2cd6d8834173,b7c9bd63-fd20-4003-8631-7835f2f0fe70,156d523d-d2bd-4f71-baa3-35101827a48a
c1773a51-448e-48e6-82dd-2cd6d8834173,f4a16463-830b-472f-8da3-ff97394a4767,2e2cc553-c1a9-485b-8db2-d63d7e607c88
c1773a51-448e-48e6-82dd-2cd6d8834173,ce1e15b7-c30d-4761-883b-13533de79aac,cbc53268-80ef-4891-9abe-bbea39e0021a
c1773a51-448e-48e6-82dd-2cd6d8834173,34ae8b51-4e7e-4044-bc3d-f18a26cb00c2,f825b8b0-ec12-4aab-af3a-70156e652eb1
c1773a51-448e-48e6-82dd-2cd6d8834173,ef260b76-f3fa-46b4-b400-1a8ddc20f377,5c3af53a-aaf0-4c54-a9c2-ff985c1da534
9345936c-4542-44f0-83af-7a16a637ddd7,3d7e4b5b-8a9e-4b41-8b5a-1684525cb0d6,a37ddcb9-e03a-4de2-ad3b-c9e81d361559
9345936c-4542-44f0-83af-7a16a637ddd7,b14e299c-5983-45c2-a4c6-016d57e4fdda,9af0b37e-21a3-40be-a3e1-b9ec7cc44f30
9345936c-4542-44f0-83af-7a16a637ddd7,6bf80d56-5501-45b4-94b9-98f08cb5021c,c339593c-18ee-4559-aac0-b00ec14ce3e3
9345936c-4542-44f0-83af-7a16a637ddd7,5f25b5aa-fadd-482a-838e-7881d626856b,c41d43b6-dacd-4175-9ac0-fc33e98c1383
9345936c-4542-44f0-83af-7a16a637ddd7,19c20d75-8a82-4ca1-83aa-3245a24c21ca,b33601a0-0328-49e4-aca9-e196ca1a5797
9345936c-4542-44f0-83af-7a16a637ddd7,beee797b-46cd-470b-8ef3-23166d2f323d,36cf3694-f099-4463-9784-d392f2a2ad74
9345936c-4542-44f0-83af-7a16a637ddd7,b86e9c65-271b-4aef-bd8f-8fecebdd0980,69cb8978-33c0-4c14-a8ea-2d0f8ada7cfc
9345936c-4542-44f0-83af-7a16a637ddd7,93f33bc8-8ab3-4c4f-911a-eb3d1748ab71,f3b5063a-ba30-46a9-af80-cd83be7d0ac3
9345936c-4542-44f0-83af-7a16a637ddd7,c2301f59-e337-4fbc-ae4b-4fbba655c570,139be667-8b27-434d-9452-148333867254
9345936c-4542-44f0-83af-7a16a637ddd7,e190d57c-447f-4966-b7c2-881c4744201d,6f12ea01-4b60-400c-a5d2-e1bab9b28ad1
9345936c-4542-44f0-83af-7a16a637ddd7,977bc3ae-4db8-40bc-977b-52ccc6eae4d0,19de2bc2-60fe-4cc8-8a8b-029f89aa81a8
9345936c-4542-44f0-83af-7a16a637ddd7,f507a7d1-5bd9-452e-a617-0bf36f37eb80,ba08d950-ed8b-4fb9-bfaa-fcb483978474
9345936c-4542-44f0-83af-7a16a637ddd7,875cdc73-f734-4336-ad70-6cafb895016c,79c0dc2e-7c18-4c85-99c6-11db2809dd27
9345936c-4542-44f0-83af-7a16a637ddd7,6134a21f-3df7-4141-8806-dc77d71afb27,bbd0d527-572c-4734-81e1-ae2128c9524a
9345936c-4542-44f0-83af-7a16a637ddd7,52b88b42-3c1e-4135-a692-46de24534265,20936f2d-6ebc-4595-ae97-a9368b133f37
9345936c-4542-44f0-83af-7a16a637ddd7,f157384c-fa2f-49c5-8272-c88944d532f7,ab8c530c-43d4-4373-bd19-6265c14d305c
9345936c-4542-44f0-83af-7a16a637ddd7,e0b1dc56-de5e-444f-9ae4-e70341f5d369,3bd2e1e0-bb49-4316-9ff7-d7c054d39f49
9345936c-4542-44f0-83af-7a16a637ddd7,154367e3-681a-4b1f-b6f0-526f89792390,44ff5595-db3c-4ad6-9a34-ba3372ce2496
9345936c-4542-44f0-83af-7a16a637ddd7,316328a9-7f36-49ef-bcf1-d0ff3f8c07f5,34789afe-540c-476c-8617-af696bccdfd5
9345936c-4542-44f0-83af-7a16a637ddd7,55f091b7-8726-4133-b9bd-f53515377573,3ef6df7e-b2e4-42f3-9887-6362777cfb65
9345936c-4542-44f0-83af-7a16a637ddd7,4eef7c0e-f5fe-422b-b78c-4f85be6dc05d,d97d95b2-ab2e-439c-93f6-aeb25fe1db16
9345936c-4542-44f0-83af-7a16a637ddd7,7d1bd9c8-5c11-4c41-938b-f5706025af5d,eaecafc3-6738-4269-85a4-10eca11c795a
9345936c-4542-44f0-83af-7a16a637ddd7,e4b63fe8-8ad4-419d-8ce2-b81c262b558e,e203d3e8-a9b8-4f06-8367-07274f97b094
9345936c-4542-44f0-83af-7a16a637ddd7,d2a0caff-b4c1-4dda-96c3-67d365d85bcd,0e31ca2b-f6cd-466a-9c30-10dfbaaef30d
9345936c-4542-44f0-83af-7a16a637ddd7,e915aea6-b229-4221-889a-8e744e579d7b,e1453e57-1654-492a-b077-e909c0777c23
30430c60-4bb9-40e8-b1a6-209242320fe2,2263864c-90cf-4f59-ae63-fd3ec9c09955,fd6dbf49-e60f-4793-b099-68409414ef03
30430c60-4bb9-40e8-b1a6-209242320fe2,3d300731-7a94-4e5e-8ff3-0f8838296081,8e1a4b10-41bb-4237-b7f6-ca8a0d481475
30430c60-4bb9-40e8-b1a6-209242320fe2,10f4bc04-b2a2-4a34-b739-2609d5a98ef8,2a557a34-babb-4223-8c02-7cc48aae7276
30430c60-4bb9-40e8-b1a6-209242320fe2,3ff0eba9-257c-4bf5-a174-29093c39c397,0c930728-1e0b-45d7-bee6-3c1840499d44
30430c60-4bb9-40e8-b1a6-209242320fe2,8f0e3d05-2cf9-4a6b-bd8d-a512629a1073,c108ab1b-89c5-4cb5-a737-c631df7cadd6
30430c60-4bb9-40e8-b1a6-209242320fe2,0e1c9178-d065-4833-b02a-b8f961b7260b,9c65018b-cb2b-4938-96fe-2590bb1eda4f
30430c60-4bb9-40e8-b1a6-209242320fe2,7d774943-bd05-479d-aac9-f946b7a20019,4bcfdaad-37fc-4894-8df9-495c9de16d23
30430c60-4bb9-40e8-b1a6-209242320fe2,93db0686-1e3c-4cfc-ab29-84062e5580b7,bf2fa5fe-a758-40be-971a-4ce6aa434000
30430c60-4bb9-40e8-b1a6-209242320fe2,443d7c2f-91bc-41cf-8da1-0c49c3ca8bc3,bc0b45b6-1e07-42b4-b451-0d820713b3fa
30430c60-4bb9-40e8-b1a6-209242320fe2,e03baf7f-6395-436d-86dc-0170a9bf1677,d2ab2684-2057-486d-8f78-9e0313f933b6
30430c60-4bb9-40e8-b1a6-209242320fe2,c68210ad-8d1c-4284-82e5-bdb015d2338a,200862fd-9bf9-40db-a048-0943e539cfac
30430c60-4bb9-40e8-b1a6-209242320fe2,17300b79-af6b-452b-b4b2-e9d3a67baac2,48173ce6-e44b-40d7-a3d3-4fd7b65242e7
30430c60-4bb9-40e8-b1a6-209242320fe2,7161adf7-a52c-4157-bcf2-7936b3bdc517,f5e0ccd6-f166-491b-b87c-44bb034b56b8
30430c60-4bb9-40e8-b1a6-209242320fe2,2772c5bd-95aa-43e7-af4f-76a43962c979,61119e7a-7fa5-44bc-8f07-b84359a83356
30430c60-4bb9-40e8-b1a6-209242320fe2,31d68056-fb8d-46df-a583-2571b575a2ab,95efb884-3541-4eb9-8728-b678a69c24f0
30430c60-4bb9-40e8-b1a6-209242320fe2,d0136f57-223a-4463-a141-8834818a009d,83fd2f30-55a4-4e32-98e1-1ffc24ea0ee4
30430c60-4bb9-40e8-b1a6-209242320fe2,73b75fb1-7033-4a4e-943a-b35784519a38,e5d3c8df-1501-412f-89c9-a921f213cd79
30430c60-4bb9-40e8-b1a6-209242320fe2,5e38e312-145c-4f8f-a0be-ee0821ada102,bd87bb72-0e9f-49f4-99a6-26adaa716dc0
30430c60-4bb9-40e8-b1a6-209242320fe2,e27c735f-09bb-4382-8099-b3d92b3c9deb,ec69b016-d33a-44df-949b-aa377e928243
30430c60-4bb9-40e8-b1a6-209242320fe2,b68a2a60-cc4d-4b23-943c-e67a1390e198,259e67bb-c4bd-4785-b524-03014f6829c2
30430c60-4bb9-40e8-b1a6-209242320fe2,fae18a54-28e0-4b77-b782-871b51e37408,1c45fa27-f202-404f-b966-4e1f943e3535
30430c60-4bb9-40e8-b1a6-209242320fe2,630116b5-6a27-45d2-9533-b56d08ac2cb7,ab9c5b9c-e28e-4925-8267-61fe2053e8ab
30430c60-4bb9-40e8-b1a6-209242320fe2,714320fd-574c-44cc-9628-fa4b933cbdc5,d5d39279-7a70-40c7-81ba-78b0f6a1e409
30430c60-4bb9-40e8-b1a6-209242320fe2,be1985c2-fd8b-4d03-95f9-a0faa31b2d2e,4ffa7198-5d34-41a8-bad3-0605e70aba5e
30430c60-4bb9-40e8-b1a6-209242320fe2,41d8ee1a-45b6-4da3-bed5-ebe6a014ea56,6c6f0d84-75f3-47ce-afc7-fab503473663
164db55f-018a-4d96-a34a-1108af52b850,95028fae-b01f-4a31-9fc2-2bb5a4c9ac88,50ad7bfd-6ae6-455e-ae66-7c374a7f38eb
164db55f-018a-4d96-a34a-1108af52b850,18530acd-e7a9-407a-8681-d5ae30f40a84,480f2b5b-d178-4ccb-832d-763947dc507b
164db55f-018a-4d96-a34a-1108af52b850,b81b6459-caa8-4be9-800d-739777a404e4,4a79e0d0-e978-47c9-87bb-cb6fc9579116
164db55f-018a-4d96-a34a-1108af52b850,a16e0b24-b453-415d-b65b-5b880fa2c10f,cec9d6cd-201d-457a-b89a-075320fdcd76
164db55f-018a-4d96-a34a-1108af52b850,2a5470d2-918e-444e-a171-9c85cb16f007,4e6fe0f0-8b70-47c1-9cf3-ba6e71f1c3a0
164db55f-018a-4d96-a34a-1108af52b850,c87a8f50-546a-44fd-ac75-450724241d6d,a0b474c2-2caf-4a46-b3bf-0c68895002dc
164db55f-018a-4d96-a34a-1108af52b850,ed8dd398-59db-473f-a8cc-1c81504b84e9,5ff73f96-9279-4885-a1f8-84a6aaa7330c
164db55f-018a-4d96-a34a-1108af52b850,a6d2fd78-c39b-4204-bf81-028a97f49c53,f6b57e85-e67b-47ff-82f9-81ec8e00cf74
164db55f-018a-4d96-a34a-1108af52b850,c74beb7c-16bf-4879-86d9-3e1abd798ec9,9e4f38ea-4b2a-45af-b140-a9a8a0445ac8
164db55f-018a-4d96-a34a-1108af52b850,b68fd51f-b60f-4936-aed5-4a5788887043,47ea2d85-e81c-4334-82ad-7257552fa22a
164db55f-018a-4d96-a34a-1108af52b850,774db208-6eb9-4611-935c-fde4e634fe62,9b904e2c-3024-47dd-a720-08aff8fa366e
164db55f-018a-4d96-a34a-1108af52b850,c7d32027-59b0-41b2-ab16-59755afbd8a7,a5e5e5e7-b023-47fd-8180-d5999aee0aeb
164db55f-018a-4d96-a34a-1108af52b850,7b6ffe51-84e7-4972-a585-981b54ffdd9e,cbeda4b1-e936-4165-a6dc-3dd06993d28a
164db55f-018a-4d96-a34a-1108af52b850,2862061c-be75-4634-8b73-7f4aaca23684,b2f74d5d-16a5-4a1e-9491-51e1a4c65e39
164db55f-018a-4d96-a34a-1108af52b850,841a2b7e-84ca-49a0-b146-fe6f7c314886,153482cf-9191-4a27-ad76-5d8af9f318ca
164db55f-018a-4d96-a34a-1108af52b850,7a6590d1-7311-47af-b1cb-3ff98d8c328d,c4b7d766-788b-40ba-ac90-72e1bb381f90
164db55f-018a-4d96-a34a-1108af52b850,9e32f585-40ee-47e2-b495-0a5373b293c2,6eb95390-e317-4e5d-9160-a61c9f576471
164db55f-018a-4d96-a34a-1108af52b850,8d81b2ea-7dc8-48e6-90a1-85ca68a2996d,0d031c9d-575c-4af2-ab1a-89ab10efc1f1
164db55f-018a-4d96-a34a-1108af52b850,ecac732d-407f-4d75-bffd-7db4d50317c4,81ab1e1f-dfa6-41a2-8996-9c6d79acbee6
164db55f-018a-4d96-a34a-1108af52b850,f7b24356-e654-48fc-93c0-e642a13d146a,c9ff5e94-52fc-44d3-8754-32b6bbe64af0
164db55f-018a-4d96-a34a-1108af52b850,581b2b48-b3e3-4671-8132-530d07eef861,4df3c49a-7e91-4ce1-869f-5b7adc744f8a
164db55f-018a-4d96-a34a-1108af52b850,700dd266-0794-4bf1-85c9-c7091f646305,1403aee2-fb73-469c-8a64-e17e740e9b85
164db55f-018a-4d96-a34a-1108af52b850,87d75bb2-b8ce-4ef0-b25f-118a49eee8e5,e410bfd8-ce6d-45f9-9d2b-5f29fdaa172f
164db55f-018a-4d96-a34a-1108af52b850,456366a7-8e7d-497e-9978-5c79614fd589,138eb654-4469-425f-aeae-db0400af01d2
164db55f-018a-4d96-a34a-1108af52b850,4dd4ef4f-a8bd-48bf-a423-58a3a096b6b0,122c1137-fa48-42f5-8c2a-dc72db74842b
164db55f-018a-4d96-a34a-1108af52b850,48314f8f-1218-40fd-9fac-b55c5de73b88,ee722843-a945-4a81-b10c-2cdf36b5ab4c
164db55f-018a-4d96-a34a-1108af52b850,93060096-cb46-44c2-976b-ac0c00bf0705,db346851-2e24-4dbe-8830-c53853b38f5e
164db55f-018a-4d96-a34a-1108af52b850,3eafe72e-289f-4118-abc7-dd9a250b5437,f1dfd8b2-5fd7-4884-93f7-800baed88ad2
164db55f-018a-4d96-a34a-1108af52b850,e3b7b488-c9ae-48f8-bc36-1ec05737f9d9,8ac2e056-1baa-4831-89ca-a0deb74a284e
164db55f-018a-4d96-a34a-1108af52b850,8d60f5a9-5cb5-45fd-86bc-cb4aef434c96,8882c0c2-3d81-4ee1-abb1-66497b229539
164db55f-018a-4d96-a34a-1108af52b850,3e078c96-cbdc-46b7-b02f-2df8d7911a97,ccc3b5a2-a680-46c0-af84-3b034d8b0ff9
164db55f-018a-4d96-a34a-1108af52b850,9773f6be-ff57-4ee1-ab6f-e47d5ec6e05a,bb6048be-f3cd-4468-909d-a4e83480513c
164db55f-018a-4d96-a34a-1108af52b850,c9f900ef-6595-4992-a9d6-a07bda9c0666,2ae928a9-7c94-45f3-acd9-287ff0aa93cc
164db55f-018a-4d96-a34a-1108af52b850,3dade209-1a6c-4d92-bce6-71e074692851,568be1cd-0c6a-4ddd-8336-a633ea77dfbe
164db55f-018a-4d96-a34a-1108af52b850,83f521d0-e611-4a0a-a1c1-1c11d4809fca,79f4e624-a3ef-417c-9d36-23a85d329f87
164db55f-018a-4d96-a34a-1108af52b850,a336c7b9-0700-429b-8866-7992d7b0ea15,e20d4b69-f381-4921-8463-78585be44d08
164db55f-018a-4d96-a34a-1108af52b850,1a9c2123-ff73-49dc-9b0b-5cf3552072a7,b2bddd60-0dfc-427b-8ba1-460591e7a480
164db55f-018a-4d96-a34a-1108af52b850,8ae379cd-6fff-4e34-977f-21184c14c87a,1d768fe9-adac-4e4b-8ed2-ee82aff5be89
164db55f-018a-4d96-a34a-1108af52b850,e838cd1a-a4eb-42f4-9e7d-4aee543cf407,d72e0634-dc4e-442f-a24e-24b63fdf9e5b
164db55f-018a-4d96-a34a-1108af52b850,6b2757d8-9431-4885-807e-6a5d83ab836e,e30329e7-cd6c-4d04-a6c0-a589bf83dce0
164db55f-018a-4d96-a34a-1108af52b850,910c249b-4fb5-4984-be8e-705fdb9103bd,dd4a74df-358f-432e-8eed-5b632239455d
164db55f-018a-4d96-a34a-1108af52b850,3d273c96-15d3-4db0-9495-b13c70142dbc,67a6635f-3bc8-4ce2-93c6-bb5c5193b0fa
164db55f-018a-4d96-a34a-1108af52b850,e13baff4-bd74-41a5-a08b-2001919ac28d,3c2ffe3e-46ee-404a-992f-811655859195
164db55f-018a-4d96-a34a-1108af52b850,fbdbbea4-6b8e-4551-bea0-f559d302f50d,3cda731e-4649-4216-b160-e059cb4aa6ae
164db55f-018a-4d96-a34a-1108af52b850,b9be72a1-cd54-4212-ae46-432df9a57dcd,cbdf12d4-2bdf-440f-8a48-b78e6aa39349
164db55f-018a-4d96-a34a-1108af52b850,06e7b51b-3e54-4b28-9e7a-6b7ae0971d1e,264dd70f-2950-4ba5-85e0-27a32311a5dc
164db55f-018a-4d96-a34a-1108af52b850,b9520328-5c0b-4c61-8dbe-5b9f38675f42,762136b3-61d2-4c0f-bc5a-588ad3236a68
164db55f-018a-4d96-a34a-1108af52b850,e558a7d5-3119-484d-9385-2224c1abb6db,b0dc6697-05a8-4d9b-91fb-dad892514f25
164db55f-018a-4d96-a34a-1108af52b850,1f590200-2539-45b4-ab23-64f3acc50265,50c83394-fa9d-471f-8dbf-d17e3bd842d6
164db55f-018a-4d96-a34a-1108af52b850,4a2d21d0-d2d0-4a3d-8875-645c271397d8,9fa23939-abe4-4389-b75c-5aee7a897ea7
164db55f-018a-4d96-a34a-1108af52b850,d1ef79e3-8601-48f4-ad9b-8628afb321fc,2f4024a7-7b9e-4f3a-a9c9-ac9325181474
164db55f-018a-4d96-a34a-1108af52b850,190cccce-9e45-4cf4-9320-4e78577a4839,98b64c79-e2c2-4a57-851b-f62160c660a3
164db55f-018a-4d96-a34a-1108af52b850,ab085646-0ae6-4dd6-9919-7ec3d4a2e941,6b4f9cff-5ae8-45dd-b798-f15d678c0cfe
164db55f-018a-4d96-a34a-1108af52b850,5575b211-0cb2-4e14-891d-6bbbdaceea08,cf66c545-b0d0-4d6a-be00-079b52112446
164db55f-018a-4d96-a34a-1108af52b850,effe8a11-5d21-4558-aa36-5d9d72ca5825,a48f56f7-3834-4541-b1d5-0aa120ec9d01
164db55f-018a-4d96-a34a-1108af52b850,6cfa99f2-bacd-4100-878c-a098254b2ae5,91109f85-f16f-493e-9f8c-a50941ee9139
164db55f-018a-4d96-a34a-1108af52b850,6ea9028e-924f-4361-a44c-7797a07a6d09,413553f4-39d9-403e-a0dc-30343a5ed937
164db55f-018a-4d96-a34a-1108af52b850,594f910c-32c4-426a-a493-50c845c8e52e,fc751aa1-9014-4989-affc-68a479f66393
164db55f-018a-4d96-a34a-1108af52b850,22a7df34-d8f4-4cbe-b43d-6d7f242529f5,b4d9cdee-3c14-4330-9169-c498465d1400
164db55f-018a-4d96-a34a-1108af52b850,49af2221-acb7-444c-9307-0f66b8f3cfab,47f54bea-a9d5-4177-a031-9deb335d2cc6
164db55f-018a-4d96-a34a-1108af52b850,a0bbffe0-5d4a-423e-b4bd-c6eadd31f640,83210623-32ee-4fd7-9d17-bcacedd823fe
164db55f-018a-4d96-a34a-1108af52b850,1ac920a5-efe5-498d-bcfe-0dd69420b7e3,d28b64d7-3323-452f-a902-607ba08b1425
164db55f-018a-4d96-a34a-1108af52b850,06d32c2a-9850-4842-9011-64f9f0e44875,99f6dd08-3c47-4c75-a1ca-1fdbe5c8d50e
164db55f-018a-4d96-a34a-1108af52b850,a63e0f79-79a5-45ff-be35-2fdf988624ea,638ab50f-a3f4-48ee-8ab3-cb408ef88d19
164db55f-018a-4d96-a34a-1108af52b850,3ffffbd2-329d-4461-814b-42ef28622d49,c8dc87b6-df03-4985-a906-91a80069d840
164db55f-018a-4d96-a34a-1108af52b850,eb3b9a60-c139-4b54-a2e5-a7a63ecbaded,e9dc82e0-5b6d-419b-86c8-43138bdba1c9
164db55f-018a-4d96-a34a-1108af52b850,f8d258f5-7d37-4423-bf3e-358a541bd7b7,2cd9f320-e9e6-4a72-be22-53a3dcface63
164db55f-018a-4d96-a34a-1108af52b850,2e363659-8036-497a-ac4c-b9c61bc562ac,893b7b0c-e31f-4b6f-bef0-5027391943cc
164db55f-018a-4d96-a34a-1108af52b850,664ae15d-4ae4-4bd1-921e-e503a239a0c6,ee97beca-7a6e-45c7-8671-d05609fd7145
164db55f-018a-4d96-a34a-1108af52b850,8703511c-d8c8-4f06-a6bf-565ec2fc0868,e802010d-7d8b-468a-909a-0fc5a8b44844
164db55f-018a-4d96-a34a-1108af52b850,ac359718-029a-4497-8ddf-64d651aeb6e9,89a28cd4-6047-40ba-9e17-97fc52e1d5b8
164db55f-018a-4d96-a34a-1108af52b850,947dcba0-6985-4952-ba3b-c1b5338a388b,9905b97d-dda4-4603-a845-e228c06e0fe1
164db55f-018a-4d96-a34a-1108af52b850,c5609fae-343d-4a74-b579-e332c82e404d,ea7b9389-1f9b-4119-90b8-d95a49400e98
164db55f-018a-4d96-a34a-1108af52b850,cfb1290c-eb8e-4d0d-9bbb-5e7124e8843e,25e59fb3-ec28-44e8-87b9-5fbde0e5cace
164db55f-018a-4d96-a34a-1108af52b850,f389bc13-5285-4594-895f-9db453fda4ad,ddcb67c1-bdbe-4d95-a6e1-480a787ff7e8
164db55f-018a-4d96-a34a-1108af52b850,00517b57-9670-4d2f-bcf4-5e1e22e5b888,c2401e30-9afb-4435-85e8-65a5cda2bb77
164db55f-018a-4d96-a34a-1108af52b850,d1f5e7a2-ada4-4509-a080-777e903abb58,b66ffeb6-a132-4b6b-b634-5aebf58a7b26
164db55f-018a-4d96-a34a-1108af52b850,a296f23b-d366-4876-a904-4bc8cf21da9e,447d3e69-3c57-4d4e-b820-eb169c3394ad
164db55f-018a-4d96-a34a-1108af52b850,3abb3c1d-a0c4-4d94-815f-b69df1b1f660,feb3e088-93e7-4831-8bea-142ad0b29a53
164db55f-018a-4d96-a34a-1108af52b850,3dc28bc2-51a2-47d5-a62b-2a079b46c93d,4d87f4e5-a87e-4d1b-bacc-789d496efc88
164db55f-018a-4d96-a34a-1108af52b850,3c691ce8-e2ce-46c1-a16c-586abc4dfda4,5377fc40-98c4-4a7b-b696-277a583215d1
164db55f-018a-4d96-a34a-1108af52b850,b781b457-ef75-4a69-a90e-286671b867f1,60f5c6c4-a520-4304-8b3b-ab744b11a1fd
164db55f-018a-4d96-a34a-1108af52b850,b8fc1583-e479-4479-9e5b-ce98d9ab865a,06a0e61b-648c-4e18-98cd-c1801e5744cc
164db55f-018a-4d96-a34a-1108af52b850,7564e08f-3d2a-45ac-80bd-08bd07649bac,ca290cc6-3be2-4e87-b0b0-ac0453733cf7
164db55f-018a-4d96-a34a-1108af52b850,f170572e-f5a1-4943-9d68-df255b8b695e,05abf6bd-dec6-40ff-bb56-8a6f5fb8bb61
164db55f-018a-4d96-a34a-1108af52b850,85bfc36d-bc76-4df9-9d61-5e133b7a0eee,5363be12-b83e-4086-9e50-1ebfc4fff18e
164db55f-018a-4d96-a34a-1108af52b850,c8000c0e-1afc-476f-b926-e8f88aabe87b,843fad10-67ae-477f-bc83-1e97a1fcc6ac
164db55f-018a-4d96-a34a-1108af52b850,f7011a08-2594-4615-b7d1-26f41d66a40a,b4e66aa5-4be2-4eff-a149-4dbe6bc2f15f
164db55f-018a-4d96-a34a-1108af52b850,b87317b6-310f-4bac-8696-650b1ab5bfbc,e35384ee-f3a8-4a37-82b2-51004783ca01
164db55f-018a-4d96-a34a-1108af52b850,638be6ca-60a4-4c18-8f4f-10037fa30fc8,2a90b37d-0e91-4171-a850-c34b387bbe10
164db55f-018a-4d96-a34a-1108af52b850,81068554-e2b9-4944-8bde-94d169e3d0cb,6da8058e-7ff8-44fa-8320-9067e58dd734
164db55f-018a-4d96-a34a-1108af52b850,f159a456-6764-418f-8427-397956d58138,b3ca9008-3caa-421e-8a45-924714b01957
164db55f-018a-4d96-a34a-1108af52b850,af5dda79-35ca-42af-af23-4ef131cd3e8b,370b1ab1-8016-491d-b2ad-131659a985cb
164db55f-018a-4d96-a34a-1108af52b850,bc45c78a-212f-4309-930c-423dcfc8b65b,af83482e-0a30-4390-aea8-22e6ba40cd5e
164db55f-018a-4d96-a34a-1108af52b850,af6b6d68-745e-4987-9fcf-7615684bca89,b4f7aa4d-7495-4a55-a6fc-5959b3c7152c
164db55f-018a-4d96-a34a-1108af52b850,0be66a98-8768-428c-9847-95aafc5da8b3,b5b3e221-e150-4836-984e-b57d6230d078
164db55f-018a-4d96-a34a-1108af52b850,e7c6e289-f557-4548-b134-b9c846168f5a,88ddb23c-80e6-45de-8752-e972439e4b24
164db55f-018a-4d96-a34a-1108af52b850,07e28287-25a2-4533-9383-b1a51c19b803,07c88d82-f91f-4d37-b857-ed47886d8064
164db55f-018a-4d96-a34a-1108af52b850,c649279f-5c58-47df-96eb-304ea355c161,4aaae893-aa07-4a36-8196-2982240062f8
164db55f-018a-4d96-a34a-1108af52b850,9240e49f-1185-4d5e-87f9-ddb0fc6e30da,976ab837-ab99-443a-91d8-914c0b21d6b6
